BEGIN TRANSACTION;
CREATE TABLE IF NOT EXISTS "users" (
	"ID"	INTEGER,
	"surname"	TEXT,
	"name"	TEXT,
	"registration_date"	TEXT
);
CREATE TABLE IF NOT EXISTS "titles" (
	"ID"	INTEGER,
	"title"	TEXT,
	"author_id"	INTEGER
);
CREATE TABLE IF NOT EXISTS "fines" (
	"ID"	INTEGER,
	"user_id"	INTEGER,
	"payment_date"	TEXT,
	"fine"	REAL
);
CREATE TABLE IF NOT EXISTS "borrowings" (
	"ID"	INTEGER,
	"user_id"	INTEGER,
	"book_id"	INTEGER,
	"borrow_date"	TEXT,
	"return_date"	TEXT
);
CREATE TABLE IF NOT EXISTS "books" (
	"ID"	INTEGER,
	"title_id"	INTEGER,
	"registration_date"	TEXT
);
CREATE TABLE IF NOT EXISTS "authors" (
	"ID"	INTEGER,
	"surname"	TEXT,
	"name"	TEXT
);
INSERT INTO "users" ("ID","surname","name","registration_date") VALUES (0,'Piotrowski','Igor','1994-04-27'),
 (1,'Lewandowska','Róża','2008-07-04'),
 (2,'Woźniak','Adam','1999-08-09'),
 (3,'Kowalczyk','Michał','2011-01-22'),
 (4,'Kaczmarek','Leon','1990-08-15'),
 (5,'Kwiatkowska','Joanna','2013-06-16'),
 (6,'Zieliński','Michał','1990-09-21'),
 (7,'Woźniak','Małgorzata','1991-10-03'),
 (8,'Kaczmarek','Joanna','2001-05-31'),
 (9,'Wójcik','Izabela','2013-03-07'),
 (10,'Lewandowska','Klaudia','2004-09-14'),
 (11,'Piotrowski','Igor','1996-08-08'),
 (12,'Nowak','Róża','2007-04-08'),
 (13,'Kowalska','Izabela','2003-10-21'),
 (14,'Kamińska','Izabela','2013-07-10'),
 (15,'Kowalczyk','Mateusz','2004-08-13'),
 (16,'Mazur','Michał','1995-03-01'),
 (17,'Piotrowski','Piotr','1991-08-31'),
 (18,'Lewandowski','Adam','1998-08-08'),
 (19,'Kowalska','Matylda','2001-07-05'),
 (20,'Lewandowska','Katarzyna','2010-03-31'),
 (21,'Lewandowska','Aniela','2004-03-18'),
 (22,'Szymański','Leon','2007-11-18'),
 (23,'Kwiatkowska','Joanna','1996-01-27'),
 (24,'Wójcik','Wiktor','1999-01-19'),
 (25,'Woźniak','Piotr','2003-06-09'),
 (26,'Wójcik','Stanisław','2004-07-16'),
 (27,'Jankowska','Paulina','1998-12-15'),
 (28,'Kowalczyk','Piotr','2017-08-20'),
 (29,'Wójcik','Adam','1992-06-11'),
 (30,'Kozłowski','Michał','2016-10-24'),
 (31,'Mazur','Matylda','2001-10-18'),
 (32,'Wiśniewska','Katarzyna','2012-07-22'),
 (33,'Jankowska','Joanna','2006-06-17'),
 (34,'Szymańska','Róża','1991-04-27'),
 (35,'Dąbrowski','Piotr','1990-01-02'),
 (36,'Kaczmarek','Małgorzata','1992-03-16'),
 (37,'Mazur','Marcel','2005-10-09'),
 (38,'Lewandowski','Marcel','2006-09-01'),
 (39,'Kozłowski','Adam','2012-11-13'),
 (40,'Szymańska','Klaudia','1990-06-01'),
 (41,'Grabowska','Liliana','1991-11-19'),
 (42,'Mazur','Katarzyna','2007-01-15'),
 (43,'Szymański','Mateusz','1994-07-26'),
 (44,'Nowak','Klaudia','1992-10-24'),
 (45,'Grabowski','Piotr','2017-01-14'),
 (46,'Woźniak','Marta','2009-02-27'),
 (47,'Nowak','Sara','2001-03-25'),
 (48,'Piotrowski','Wiktor','2013-06-25'),
 (49,'Grabowska','Liliana','2015-04-27'),
 (50,'Zielińska','Matylda','1990-11-08'),
 (51,'Mazur','Mateusz','2001-11-07'),
 (52,'Lewandowski','Leon','2006-06-17'),
 (53,'Dąbrowski','Adam','1990-03-21'),
 (54,'Wojciechowska','Joanna','2017-07-29'),
 (55,'Kozłowski','Wiktor','2014-03-05'),
 (56,'Kozłowska','Katarzyna','2016-08-02'),
 (57,'Jankowska','Paulina','1992-03-01'),
 (58,'Krawczyk','Adam','2013-10-16'),
 (59,'Woźniak','Róża','2005-07-23'),
 (60,'Kaczmarek','Aniela','2012-10-02'),
 (61,'Kaczmarek','Matylda','2015-10-14'),
 (62,'Kamińska','Klaudia','1999-09-14'),
 (63,'Kaczmarek','Piotr','1999-04-26'),
 (64,'Mazur','Wiktor','1990-12-22'),
 (65,'Dąbrowska','Katarzyna','2017-11-27'),
 (66,'Kowalska','Klaudia','1990-12-27'),
 (67,'Szymańska','Klaudia','2007-08-17'),
 (68,'Wójcik','Wiktor','2016-05-20'),
 (69,'Grabowska','Klaudia','2007-06-26'),
 (70,'Piotrowska','Klaudia','1992-08-28'),
 (71,'Kozłowski','Stanisław','2014-06-27'),
 (72,'Mazur','Joanna','2012-12-17'),
 (73,'Nowak','Adam','1997-05-11'),
 (74,'Wiśniewska','Małgorzata','2003-10-04'),
 (75,'Kozłowska','Joanna','2013-04-17'),
 (76,'Kowalski','Piotr','2011-04-23'),
 (77,'Jankowski','Marcel','2017-12-15'),
 (78,'Lewandowska','Marta','2010-12-13'),
 (79,'Kozłowska','Paulina','2017-08-20'),
 (80,'Nowak','Mateusz','1995-11-25'),
 (81,'Dąbrowska','Klaudia','2015-06-18'),
 (82,'Grabowska','Klaudia','2016-10-26'),
 (83,'Kwiatkowska','Marta','2012-05-29'),
 (84,'Krawczyk','Nikodem','1995-05-02'),
 (85,'Kaczmarek','Michał','2009-12-30'),
 (86,'Wójcik','Klaudia','2003-11-08'),
 (87,'Dąbrowski','Igor','2004-01-19'),
 (88,'Kaczmarek','Michał','1990-07-04'),
 (89,'Kowalczyk','Aniela','1991-03-11'),
 (90,'Lewandowski','Piotr','2009-08-09'),
 (91,'Kaczmarek','Izabela','2013-07-06'),
 (92,'Nowak','Leon','2016-05-06'),
 (93,'Kwiatkowski','Michał','2011-10-10'),
 (94,'Wiśniewska','Małgorzata','2012-04-23'),
 (95,'Mazur','Katarzyna','2012-11-27'),
 (96,'Nowak','Nikodem','2014-03-22'),
 (97,'Kaczmarek','Małgorzata','2001-02-10'),
 (98,'Lewandowska','Małgorzata','1990-07-21'),
 (99,'Grabowska','Małgorzata','1998-11-16'),
 (100,'Grabowski','Mateusz','2007-11-07'),
 (101,'Wojciechowska','Paulina','2002-07-04'),
 (102,'Woźniak','Marta','2008-03-07'),
 (103,'Dąbrowska','Joanna','2006-01-03'),
 (104,'Kamiński','Marcel','2007-01-12'),
 (105,'Nowak','Michał','2005-06-13'),
 (106,'Wiśniewska','Marta','1991-10-27'),
 (107,'Zieliński','Leon','2014-06-01'),
 (108,'Wojciechowski','Wiktor','1992-04-04'),
 (109,'Piotrowska','Małgorzata','2009-04-21'),
 (110,'Kowalska','Paulina','1998-01-15'),
 (111,'Kwiatkowska','Paulina','2015-04-29'),
 (112,'Grabowska','Aniela','2015-08-13'),
 (113,'Kowalczyk','Katarzyna','2017-03-21'),
 (114,'Nowak','Liliana','1997-04-04'),
 (115,'Kaczmarek','Leon','2016-03-18'),
 (116,'Kowalczyk','Leon','2009-04-06'),
 (117,'Kowalska','Marta','2011-01-13'),
 (118,'Kowalska','Joanna','1992-09-03'),
 (119,'Krawczyk','Paulina','2008-11-04'),
 (120,'Dąbrowska','Róża','1999-10-25'),
 (121,'Grabowska','Joanna','2009-10-25'),
 (122,'Grabowski','Igor','1990-10-07'),
 (123,'Kaczmarek','Sara','2009-11-05'),
 (124,'Lewandowska','Izabela','2015-02-13'),
 (125,'Piotrowska','Izabela','2017-08-14'),
 (126,'Dąbrowska','Róża','2001-10-14'),
 (127,'Nowak','Katarzyna','2006-07-26'),
 (128,'Kaczmarek','Małgorzata','2017-03-04'),
 (129,'Kowalczyk','Adam','2017-09-05'),
 (130,'Szymański','Adam','2014-12-01'),
 (131,'Woźniak','Nikodem','1991-10-10'),
 (132,'Wojciechowska','Katarzyna','2004-10-16'),
 (133,'Kaczmarek','Igor','2007-08-11'),
 (134,'Dąbrowski','Nikodem','2011-01-25'),
 (135,'Dąbrowska','Aniela','1998-10-03'),
 (136,'Wójcik','Izabela','2006-05-17'),
 (137,'Piotrowska','Izabela','1998-04-23'),
 (138,'Kwiatkowska','Izabela','2009-04-03'),
 (139,'Kowalska','Małgorzata','2016-05-30'),
 (140,'Nowak','Mateusz','2011-04-12'),
 (141,'Zielińska','Róża','2001-09-13'),
 (142,'Wiśniewska','Katarzyna','2009-10-29'),
 (143,'Wiśniewski','Michał','2010-03-05'),
 (144,'Dąbrowska','Aniela','1998-04-01'),
 (145,'Kaczmarek','Róża','2005-05-09'),
 (146,'Kamiński','Piotr','1992-11-29'),
 (147,'Woźniak','Matylda','2008-02-29'),
 (148,'Dąbrowski','Igor','1996-08-25'),
 (149,'Lewandowski','Marcel','2009-10-04'),
 (150,'Jankowska','Małgorzata','2000-09-13'),
 (151,'Kamiński','Wiktor','1993-09-11'),
 (152,'Krawczyk','Katarzyna','1996-08-24'),
 (153,'Mazur','Adam','2002-09-20'),
 (154,'Kwiatkowska','Sara','2006-10-08'),
 (155,'Wójcik','Stanisław','2006-06-28'),
 (156,'Grabowski','Mateusz','1998-03-13'),
 (157,'Wiśniewska','Katarzyna','2016-11-09'),
 (158,'Krawczyk','Michał','2007-04-25'),
 (159,'Szymański','Piotr','1991-05-15'),
 (160,'Kamiński','Leon','1990-12-18'),
 (161,'Krawczyk','Marcel','2002-09-28'),
 (162,'Kozłowska','Aniela','1993-10-19'),
 (163,'Wojciechowski','Leon','1994-08-18'),
 (164,'Wójcik','Liliana','1999-11-10'),
 (165,'Piotrowski','Wiktor','1999-08-25'),
 (166,'Wiśniewska','Katarzyna','2005-06-05'),
 (167,'Kozłowska','Sara','1992-01-03'),
 (168,'Woźniak','Adam','2004-10-18'),
 (169,'Nowak','Adam','2017-01-01'),
 (170,'Kowalska','Róża','2011-11-26'),
 (171,'Lewandowski','Michał','2015-06-19'),
 (172,'Nowak','Izabela','2003-05-31'),
 (173,'Nowak','Aniela','1996-07-10'),
 (174,'Piotrowska','Joanna','1990-03-26'),
 (175,'Kowalczyk','Joanna','1992-07-02'),
 (176,'Zielińska','Liliana','2007-08-12'),
 (177,'Jankowska','Paulina','2003-05-04'),
 (178,'Piotrowski','Stanisław','2017-01-09'),
 (179,'Wiśniewska','Róża','2006-05-12'),
 (180,'Piotrowski','Piotr','2011-01-30'),
 (181,'Wójcik','Nikodem','2012-02-03'),
 (182,'Lewandowska','Sara','2004-12-26'),
 (183,'Wójcik','Marcel','2015-12-23'),
 (184,'Jankowska','Małgorzata','2012-01-16'),
 (185,'Wiśniewska','Liliana','2015-06-02'),
 (186,'Kowalski','Stanisław','2013-07-06'),
 (187,'Nowak','Aniela','2008-11-22'),
 (188,'Grabowska','Marta','1994-07-14'),
 (189,'Kowalska','Paulina','2006-02-21'),
 (190,'Dąbrowska','Róża','2005-08-22'),
 (191,'Wójcik','Marcel','2015-11-28'),
 (192,'Grabowska','Matylda','2011-01-26'),
 (193,'Dąbrowski','Nikodem','2006-12-18'),
 (194,'Nowak','Piotr','2017-05-11'),
 (195,'Woźniak','Liliana','2017-07-11'),
 (196,'Zieliński','Stanisław','2000-06-03'),
 (197,'Grabowski','Piotr','2011-04-19'),
 (198,'Szymański','Michał','2013-05-10'),
 (199,'Kowalski','Stanisław','1995-06-12'),
 (200,'Wójcik','Sara','1990-02-18'),
 (201,'Kozłowska','Aniela','1999-02-16'),
 (202,'Kowalski','Mateusz','2013-06-18'),
 (203,'Kowalczyk','Igor','1996-03-20'),
 (204,'Kamiński','Leon','1990-07-23'),
 (205,'Szymańska','Katarzyna','1991-12-28'),
 (206,'Kowalska','Róża','2017-02-04'),
 (207,'Wojciechowska','Marta','2007-10-01'),
 (208,'Kwiatkowska','Małgorzata','2012-02-23'),
 (209,'Jankowska','Joanna','1999-08-02'),
 (210,'Wójcik','Igor','2003-02-18'),
 (211,'Wojciechowska','Klaudia','2010-12-12'),
 (212,'Kaczmarek','Marta','1998-10-14'),
 (213,'Krawczyk','Nikodem','1998-10-28'),
 (214,'Kozłowska','Klaudia','1994-12-27'),
 (215,'Zielińska','Izabela','2009-11-07'),
 (216,'Jankowski','Nikodem','2004-08-18'),
 (217,'Mazur','Adam','2011-10-02'),
 (218,'Kaczmarek','Matylda','2006-05-17'),
 (219,'Wójcik','Igor','2017-10-04'),
 (220,'Szymański','Igor','1996-08-31'),
 (221,'Krawczyk','Paulina','2015-09-11'),
 (222,'Krawczyk','Marta','2010-11-04'),
 (223,'Kaczmarek','Mateusz','2010-03-06'),
 (224,'Lewandowski','Stanisław','1998-05-07'),
 (225,'Nowak','Adam','2012-09-23'),
 (226,'Lewandowska','Sara','2014-03-08'),
 (227,'Kozłowski','Piotr','1997-09-22'),
 (228,'Dąbrowski','Nikodem','2010-05-23'),
 (229,'Kaczmarek','Nikodem','1991-06-21'),
 (230,'Kamiński','Piotr','1994-02-13'),
 (231,'Mazur','Igor','2017-03-12'),
 (232,'Wojciechowski','Wiktor','1998-12-28'),
 (233,'Szymańska','Róża','2012-10-11'),
 (234,'Dąbrowska','Małgorzata','2009-02-15'),
 (235,'Grabowska','Izabela','1995-12-18'),
 (236,'Lewandowski','Marcel','2015-11-19'),
 (237,'Krawczyk','Małgorzata','2016-10-16'),
 (238,'Wójcik','Izabela','2013-10-11'),
 (239,'Kowalski','Stanisław','2010-10-02'),
 (240,'Nowak','Wiktor','2007-06-29'),
 (241,'Kwiatkowska','Matylda','2015-07-13'),
 (242,'Jankowska','Paulina','1994-11-17'),
 (243,'Mazur','Adam','2000-11-23'),
 (244,'Wójcik','Nikodem','2004-07-06'),
 (245,'Nowak','Mateusz','2006-06-13'),
 (246,'Wójcik','Igor','1991-11-02'),
 (247,'Lewandowska','Klaudia','1992-06-14'),
 (248,'Szymańska','Małgorzata','2006-01-21'),
 (249,'Woźniak','Klaudia','2005-07-20');
INSERT INTO "titles" ("ID","title","author_id") VALUES (1,'Solaris',1),
 (2,'Cyberiada',1),
 (3,'Katar',1),
 (4,'Bajki robotów',1),
 (5,'Opowieści o Pilocie Pirxie',1),
 (6,'Rękopis znaleziony w wannie',1),
 (7,'Dzienniki gwiazdowe',1),
 (8,'Eden',1),
 (9,'Śledztwo',1),
 (10,'Powrót z gwiazd',1),
 (11,'Niezwyciężony',1),
 (12,'Wysoki zamek',1),
 (13,'Głos Pana',1),
 (14,'Pożytek ze smoka',1),
 (15,'Sknocony kryminał',1),
 (16,'Mars',2),
 (17,'Kameleon',2),
 (18,'Vertical',2),
 (19,'Różaniec',2),
 (20,'Obywatel który się zawiesił',2),
 (21,'Pamiętniki z okresu dojrzewania',3),
 (22,'Ferdydurke',3),
 (23,'Trans-Atlantyk',3),
 (24,'Iwona księżniczka Burgunda',3),
 (25,'Ślub',3),
 (26,'Operetka',3),
 (27,'Bakakaj',3),
 (28,'Tango',4),
 (29,'Emigranci',4),
 (30,'Kynolog w rozterce',4),
 (31,'Miłość na Krymie',4),
 (32,'Wesele w Atomicach',4),
 (33,'Lód',5),
 (34,'Wrociec',5),
 (35,'Perfekcyjna niedoskonałość',5),
 (36,'Katedra',5),
 (37,'Narrenturm',6),
 (38,'Boży wojownicy',6),
 (39,'Lux perpetua',6),
 (40,'Rękopis znaleziony w smoczej jaskini',6);
INSERT INTO "fines" ("ID","user_id","payment_date","fine") VALUES (1,223,'2010-04-03',1.5),
 (2,28,'2017-09-21',1.5),
 (3,8,'2007-02-07',0.5),
 (4,92,'2016-06-03',1.5),
 (5,234,'2017-01-07',0.5),
 (6,113,'2017-04-28',0.5),
 (7,172,'2003-06-28',1.5),
 (8,152,'1996-09-19',0.5),
 (9,35,'1992-05-26',1.5),
 (10,205,'2001-03-27',1.5),
 (11,95,'2012-12-25',1.5),
 (12,138,'2009-05-01',1.5),
 (13,208,'2012-03-23',2.0),
 (14,39,'2012-12-11',1.5),
 (15,93,'2011-11-08',2.0),
 (16,103,'2006-01-31',1.5),
 (17,128,'2017-04-01',1.5),
 (18,93,'2011-11-07',1.5),
 (19,218,'2006-06-14',1.5),
 (20,5,'2013-07-14',1.5),
 (21,137,'2015-12-10',1.0),
 (22,100,'2007-12-04',1.0),
 (23,128,'2017-04-02',2.0),
 (24,227,'1997-10-20',1.5),
 (25,170,'2011-12-25',2.0),
 (26,99,'2004-06-06',1.0),
 (27,145,'2005-06-07',2.0),
 (28,209,'2017-01-07',0.5),
 (29,31,'2001-11-16',2.0),
 (30,2,'1999-09-04',0.5),
 (31,67,'2009-11-20',1.5),
 (32,139,'2016-06-25',0.5),
 (33,166,'2005-07-01',0.5),
 (34,178,'2017-02-06',1.5),
 (35,188,'1994-08-12',2.0),
 (36,147,'2008-03-28',1.5),
 (37,185,'2015-06-30',1.5),
 (38,138,'2015-10-24',2.0),
 (39,38,'2006-09-29',1.5),
 (40,71,'2014-07-25',1.5),
 (41,53,'1990-04-19',2.0),
 (42,181,'2015-07-08',0.5),
 (43,203,'1996-04-17',1.5),
 (44,1,'2008-08-01',1.5),
 (45,24,'1999-02-16',1.5),
 (46,39,'2016-03-22',1.5),
 (47,94,'2012-05-22',2.0),
 (48,152,'2012-10-10',1.0),
 (49,123,'2009-12-02',1.0),
 (50,168,'2006-02-01',0.5),
 (51,136,'2006-06-14',1.5),
 (52,145,'2005-06-07',2.0),
 (53,164,'1999-12-09',2.0),
 (54,188,'1994-08-11',1.5),
 (55,14,'2015-12-15',0.5),
 (56,157,'2016-12-07',1.5),
 (57,154,'2006-11-03',0.5),
 (58,34,'1991-05-24',1.0),
 (59,234,'2009-03-13',0.5),
 (60,0,'1994-05-23',0.5),
 (61,8,'2001-06-28',1.5),
 (62,134,'2016-10-12',1.0),
 (63,165,'1999-09-23',2.0),
 (64,76,'2011-05-21',1.5),
 (65,10,'2009-07-09',2.0),
 (66,198,'2013-06-08',2.0),
 (67,40,'1990-06-27',0.5),
 (68,200,'1990-03-16',0.5),
 (69,140,'2011-05-11',2.0),
 (70,57,'2015-05-11',0.5),
 (71,21,'2008-07-29',0.5),
 (72,174,'1993-02-22',2.0),
 (73,86,'2003-12-05',1.0),
 (74,200,'1995-09-23',1.5),
 (75,140,'2011-05-08',0.5),
 (76,81,'2015-07-14',0.5),
 (77,179,'2006-06-07',0.5),
 (78,174,'1990-04-22',1.0),
 (79,76,'2011-05-19',0.5),
 (80,27,'1999-01-11',1.0),
 (81,199,'1995-07-10',1.5),
 (82,69,'2007-07-22',0.5),
 (83,216,'2004-09-13',0.5),
 (84,21,'2010-11-24',2.0),
 (85,59,'2005-08-19',1.0),
 (86,9,'2013-04-03',1.0),
 (87,107,'2014-06-27',0.5),
 (88,87,'2018-03-03',1.5),
 (89,95,'2012-12-23',0.5),
 (90,3,'2011-02-18',1.0),
 (91,5,'2013-07-15',2.0),
 (92,93,'2011-11-07',1.5),
 (93,81,'2015-07-16',1.5),
 (94,140,'2011-05-09',1.0),
 (95,142,'2015-12-04',1.5),
 (96,25,'2003-07-08',2.0),
 (97,229,'1991-12-10',2.0),
 (98,183,'2016-01-18',0.5),
 (99,152,'2014-07-21',1.0),
 (100,110,'1999-10-26',1.5),
 (101,84,'2006-07-15',2.0),
 (102,236,'2015-12-17',1.5),
 (103,42,'2007-02-12',1.5),
 (104,90,'2009-09-05',1.0),
 (105,11,'1996-09-06',2.0),
 (106,244,'2004-08-03',1.5),
 (107,101,'2002-07-30',0.5),
 (108,37,'2005-11-04',0.5),
 (109,9,'2013-04-02',0.5),
 (110,187,'2008-12-20',1.5),
 (111,67,'2007-09-15',2.0),
 (112,109,'2010-05-04',2.0),
 (113,85,'2013-10-16',0.5),
 (114,146,'1992-12-26',1.0),
 (115,113,'2017-04-19',2.0),
 (116,225,'2012-10-22',2.0),
 (117,97,'2001-03-11',2.0),
 (118,215,'2009-12-03',0.5),
 (119,83,'2012-06-24',0.5),
 (120,17,'1991-09-28',1.5),
 (121,214,'2009-03-22',2.0),
 (122,10,'2004-10-12',1.5),
 (123,98,'2006-02-27',0.5),
 (124,188,'2010-05-03',1.5),
 (125,60,'2012-10-31',2.0),
 (126,71,'2014-07-23',0.5),
 (127,177,'2003-06-02',2.0),
 (128,63,'1999-05-22',0.5),
 (129,197,'2011-05-18',2.0),
 (130,112,'2015-09-11',2.0),
 (131,117,'2011-02-08',0.5),
 (132,11,'2017-09-19',0.5),
 (133,18,'1998-09-04',1.0),
 (134,16,'1995-03-28',1.0),
 (135,202,'2013-07-16',1.5),
 (136,88,'1990-08-02',2.0),
 (137,60,'2012-10-30',1.5),
 (138,8,'2001-06-27',1.0),
 (139,208,'2012-03-20',0.5),
 (140,222,'2010-11-30',0.5),
 (141,215,'2009-12-03',0.5),
 (142,191,'2015-12-25',1.0),
 (143,17,'2004-09-29',1.0),
 (144,82,'2016-11-24',2.0),
 (145,80,'1995-12-23',1.5),
 (146,248,'2006-02-17',1.0),
 (147,148,'1996-09-23',2.0),
 (148,49,'2015-05-23',0.5),
 (149,201,'1999-03-14',0.5),
 (150,117,'2011-02-11',2.0),
 (151,97,'2003-12-06',2.0),
 (152,40,'1990-06-30',2.0),
 (153,203,'1996-04-18',2.0),
 (154,217,'2011-10-31',2.0),
 (155,198,'2013-06-08',2.0),
 (156,55,'2014-04-01',1.0),
 (157,135,'1998-11-01',2.0),
 (158,51,'2001-12-04',1.0),
 (159,123,'2009-12-01',0.5),
 (160,31,'2001-11-15',1.5),
 (161,89,'2009-03-20',1.0),
 (162,22,'2018-08-27',0.5),
 (163,33,'2006-07-14',1.0),
 (164,23,'2017-10-06',1.5),
 (165,101,'2002-07-30',0.5),
 (166,191,'2015-12-25',1.0),
 (167,135,'2002-09-22',1.5),
 (168,12,'2007-05-05',1.0),
 (169,166,'2012-09-27',0.5),
 (170,122,'1990-11-02',0.5),
 (171,198,'2013-06-05',0.5),
 (172,126,'2001-11-12',2.0),
 (173,15,'2004-09-11',2.0),
 (174,6,'1993-04-29',1.5),
 (175,199,'2011-01-05',2.0),
 (176,71,'2014-07-26',2.0),
 (177,7,'2004-10-02',0.5),
 (178,55,'2014-03-31',0.5),
 (179,46,'2009-03-27',1.5),
 (180,213,'1998-11-26',2.0),
 (181,207,'2007-10-28',1.0),
 (182,53,'2011-12-23',0.5),
 (183,78,'2011-01-11',2.0),
 (184,196,'2000-06-30',1.0),
 (185,122,'2002-07-04',1.0),
 (186,68,'2016-06-15',0.5),
 (187,76,'2017-04-26',1.5),
 (188,5,'2018-05-27',1.0),
 (189,184,'2012-02-12',1.0),
 (190,170,'2011-12-22',0.5),
 (191,30,'2016-11-19',0.5),
 (192,81,'2015-07-17',2.0),
 (193,21,'2004-04-13',0.5),
 (194,14,'2013-08-05',0.5),
 (195,126,'2001-11-09',0.5),
 (196,143,'2010-04-03',2.0),
 (197,184,'2012-02-12',1.0),
 (198,164,'2018-01-21',1.5),
 (199,159,'2017-07-18',2.0),
 (200,170,'2011-12-25',2.0),
 (201,175,'1992-07-31',2.0),
 (202,47,'2010-05-03',1.5),
 (203,79,'2017-09-18',2.0),
 (204,129,'2017-10-03',1.5),
 (205,12,'2007-05-06',1.5),
 (206,33,'2010-11-24',2.0),
 (207,140,'2011-05-08',0.5),
 (208,159,'1999-05-19',0.5),
 (209,104,'2007-02-08',1.0),
 (210,214,'1995-01-23',1.0),
 (211,176,'2007-09-07',0.5),
 (212,152,'1996-09-19',0.5),
 (213,84,'2013-01-22',1.5),
 (214,93,'2011-11-06',1.0),
 (215,95,'2012-12-24',1.0),
 (216,190,'2005-09-18',1.0),
 (217,86,'2016-01-05',2.0),
 (218,168,'2015-12-17',1.5),
 (219,90,'2015-10-08',1.0),
 (220,10,'2004-10-10',0.5),
 (221,35,'2017-09-19',0.5),
 (222,108,'1992-04-30',0.5),
 (223,81,'2015-07-16',1.5),
 (224,237,'2016-11-11',0.5),
 (225,95,'2012-12-25',1.5),
 (226,148,'1996-09-21',1.0),
 (227,69,'2007-07-24',1.5),
 (228,97,'2001-03-11',2.0),
 (229,179,'2006-06-10',2.0),
 (230,219,'2017-10-30',0.5),
 (231,151,'1993-10-07',0.5),
 (232,10,'2004-10-13',2.0),
 (233,100,'2007-12-06',2.0),
 (234,188,'2007-07-12',1.0),
 (235,233,'2012-11-08',1.5),
 (236,71,'2014-07-23',0.5),
 (237,128,'2017-04-01',1.5),
 (238,169,'2017-01-27',0.5),
 (239,151,'1993-10-08',1.0),
 (240,238,'2013-11-06',0.5),
 (241,126,'2001-11-09',0.5),
 (242,56,'2016-08-31',2.0),
 (243,92,'2016-06-02',1.0),
 (244,78,'2011-01-11',2.0),
 (245,165,'1999-09-20',0.5),
 (246,5,'2013-07-13',1.0),
 (247,5,'2013-07-15',2.0),
 (248,237,'2016-11-14',2.0),
 (249,101,'2002-07-30',0.5),
 (250,80,'1995-12-23',1.5),
 (251,119,'2008-12-03',2.0),
 (252,168,'2004-11-14',1.0),
 (253,240,'2007-07-26',1.0),
 (254,10,'2017-10-05',1.0),
 (255,36,'2011-11-15',2.0),
 (256,67,'2018-07-22',2.0),
 (257,67,'2009-02-13',260.5);
INSERT INTO "borrowings" ("ID","user_id","book_id","borrow_date","return_date") VALUES (0,129,621,'2017-09-05','2017-09-14'),
 (1,192,284,'2011-01-26','2011-01-31'),
 (2,235,160,'1995-12-18','1995-12-27'),
 (3,96,308,'2018-07-02','2018-07-19'),
 (4,195,180,'2017-07-11','2017-07-30'),
 (5,171,378,'2015-06-19','2015-06-29'),
 (6,94,359,'2012-04-23','2012-05-04'),
 (7,8,593,'2001-05-31','2001-06-05'),
 (8,223,37,'2010-03-06','2010-04-03'),
 (9,203,248,'1996-03-20','1996-03-26'),
 (10,150,471,'2000-09-13','2000-10-03'),
 (11,46,82,'2009-02-27','2009-03-06'),
 (12,199,626,'1995-06-12','1995-06-19'),
 (13,110,560,'2011-01-30','2011-02-23'),
 (14,203,617,'1996-03-20','1996-04-12'),
 (15,238,607,'2013-10-11','2013-10-25'),
 (16,117,272,'2011-01-13','2011-01-21'),
 (17,87,583,'2004-01-19','2004-01-23'),
 (18,16,1,'2002-01-30','2002-02-04'),
 (19,25,477,'2003-06-09','2003-06-25'),
 (20,26,215,'2004-07-16','2004-07-25'),
 (21,238,45,'2013-10-11','2013-10-16'),
 (22,28,222,'2017-08-24','2017-09-21'),
 (23,176,377,'2007-08-12','2007-09-05'),
 (24,114,403,'1997-04-04','1997-04-08'),
 (25,80,578,'2001-08-27','2001-09-16'),
 (26,133,313,'2011-10-17','2011-11-11'),
 (27,2,418,'1999-08-09','1999-08-27'),
 (28,8,498,'2007-01-12','2007-02-07'),
 (29,66,200,'1990-12-27','1991-01-06'),
 (30,42,265,'2007-01-15','2007-01-30'),
 (31,79,116,'2017-08-20','2017-08-29'),
 (32,199,610,'1995-06-12','1995-06-14'),
 (33,60,142,'2012-10-02','2012-10-02'),
 (34,233,60,'2012-10-11','2012-10-14'),
 (35,94,443,'2012-04-23','2012-05-15'),
 (36,92,129,'2016-05-06','2016-06-03'),
 (37,225,581,'2012-09-23','2012-09-24'),
 (38,200,505,'1993-09-08','1993-09-21'),
 (39,175,574,'1998-09-02','1998-09-05'),
 (40,248,141,'2017-11-06','2017-11-11'),
 (41,239,321,'2010-10-02','2010-10-15'),
 (42,86,271,'2003-11-08','2003-11-25'),
 (43,8,544,'2001-05-31','2001-06-11'),
 (44,234,563,'2016-12-12','2017-01-07'),
 (45,204,494,'1994-11-10','1994-11-22'),
 (46,229,426,'1991-06-21','1991-06-22'),
 (47,113,173,'2017-03-21','2017-04-10'),
 (48,66,200,'1990-12-27','1991-01-17'),
 (49,244,180,'2004-07-06','2004-07-07'),
 (50,24,309,'1999-01-19','1999-02-11'),
 (51,156,114,'1998-03-13','1998-03-16'),
 (52,29,163,'2017-09-08','2017-09-12'),
 (53,28,34,'2017-08-20','2017-09-04'),
 (54,185,383,'2015-06-02','2015-06-02'),
 (55,219,208,'2017-10-04','2017-10-26'),
 (56,234,199,'2009-02-15','2009-02-18'),
 (57,187,116,'2008-11-22','2008-12-06'),
 (58,67,628,'2009-10-23','2009-10-28'),
 (59,72,162,'2012-12-17','2012-12-30'),
 (60,51,1,'2002-01-30','2002-02-17'),
 (61,113,169,'2017-04-02','2017-04-28'),
 (62,197,577,'2011-04-19','2011-04-28'),
 (63,183,588,'2015-12-23','2016-01-16'),
 (64,214,90,'2015-12-07','2015-12-28'),
 (65,125,131,'2017-08-14','2017-08-30'),
 (66,164,113,'1999-11-10','1999-11-25'),
 (67,77,543,'2017-12-15','2017-12-31'),
 (68,172,30,'2003-05-31','2003-06-28'),
 (69,32,572,'2012-07-22','2012-07-25'),
 (70,176,185,'2007-08-12','2007-08-28'),
 (71,180,209,'2017-09-14','2017-09-30'),
 (72,193,455,'2012-09-24','2012-09-25'),
 (73,48,421,'2013-06-25','2013-07-14'),
 (74,222,485,'2017-10-05','2017-10-05'),
 (75,155,399,'2006-06-28','2006-07-11'),
 (76,60,277,'2017-02-22','2017-03-04'),
 (77,53,633,'1990-03-21','1990-03-24'),
 (78,120,167,'1999-10-25','1999-10-28'),
 (79,152,167,'1996-08-24','1996-09-19'),
 (80,135,325,'2013-03-11','2013-03-30'),
 (81,2,569,'2002-02-15','2002-03-01'),
 (82,129,167,'2017-09-05','2017-09-26'),
 (83,142,530,'2009-10-29','2009-11-18'),
 (84,67,49,'2007-08-17','2009-02-13'),
 (85,121,593,'2009-10-25','2009-11-10'),
 (86,230,308,'2018-07-02','2018-07-12'),
 (87,171,514,'2015-06-19','2015-07-11'),
 (88,118,58,'2015-12-13','2015-12-26'),
 (89,131,446,'1991-10-10','1991-10-17'),
 (90,95,3,'2017-03-02','2017-03-27'),
 (91,109,541,'2009-04-21','2009-05-07'),
 (92,231,151,'2017-03-12','2017-03-25'),
 (93,202,402,'2013-06-18',NULL),
 (94,245,71,'2006-06-13','2006-06-19'),
 (95,235,124,'1996-04-02','1996-04-19'),
 (96,159,411,'2001-01-18','2001-01-23'),
 (97,75,2,'2013-04-17','2013-04-17'),
 (98,4,256,'2018-06-23','2018-07-08'),
 (99,35,567,'1992-04-28','1992-05-26'),
 (100,19,360,'2001-07-05','2001-07-17'),
 (101,108,300,'2000-11-24','2000-12-16'),
 (102,154,525,'2006-10-08','2006-10-18'),
 (103,232,424,'2005-03-03','2005-03-20'),
 (104,96,137,'2014-03-22','2014-04-03'),
 (105,173,469,'1996-07-10','1996-07-13'),
 (106,205,210,'2001-02-27','2001-03-27'),
 (107,22,317,'2007-11-18','2007-12-05'),
 (108,137,330,'1998-04-23','1998-04-25'),
 (109,220,538,'1997-01-24','1997-02-04'),
 (110,90,544,'2009-08-09','2009-08-31'),
 (111,218,56,'2006-05-17','2006-05-25'),
 (112,222,217,'2010-11-04','2010-11-11'),
 (113,213,377,'1998-10-28','1998-10-28'),
 (114,88,33,'1990-07-04','1990-07-06'),
 (115,113,6,'2017-03-21','2017-04-08'),
 (116,173,394,'1996-07-10','1996-07-29'),
 (117,238,294,'2013-10-11','2013-10-17'),
 (118,3,100,'2011-01-22','2011-02-16'),
 (119,44,152,'1992-10-24','1992-10-24'),
 (120,127,40,'2006-07-26','2006-08-11'),
 (121,148,406,'2008-10-03','2008-10-07'),
 (122,95,78,'2012-11-27','2012-12-25'),
 (123,60,420,'2013-05-11','2013-05-11'),
 (124,67,286,'2016-06-03','2016-06-25'),
 (125,34,519,'1991-04-27','1991-05-08'),
 (126,138,77,'2009-04-03','2009-05-01'),
 (127,67,304,'2007-08-17','2007-08-25'),
 (128,14,20,'2013-07-10','2013-07-30'),
 (129,221,360,'2015-09-11','2015-10-02'),
 (130,201,150,'1999-04-23','1999-05-02'),
 (131,208,336,'2012-02-23','2012-03-23'),
 (132,181,332,'2012-02-03','2012-02-17'),
 (133,249,433,'2005-07-20','2005-08-07'),
 (134,88,564,'1990-07-04','1990-07-22'),
 (135,101,583,'2002-07-04','2002-07-19'),
 (136,9,373,'2013-03-07','2013-03-31'),
 (137,168,292,'2004-10-18','2004-10-23'),
 (138,39,57,'2012-11-13','2012-12-11'),
 (139,7,474,'1991-10-03','1991-10-09'),
 (140,174,135,'2015-07-03','2015-07-11'),
 (141,146,314,'1992-11-29','1992-12-15'),
 (142,93,300,'2011-10-10','2011-11-08'),
 (143,244,105,'2004-07-06','2004-07-31'),
 (144,74,311,'2003-10-04','2003-10-27'),
 (145,186,298,'2013-07-06','2013-07-30'),
 (146,157,366,'2016-11-09','2016-11-30'),
 (147,101,618,'2002-07-04','2002-07-24'),
 (148,215,448,'2015-11-06','2015-11-23'),
 (149,11,633,'1996-08-08','1996-08-25'),
 (150,60,322,'2012-10-02','2012-10-23'),
 (151,155,50,'2006-06-28','2006-07-20'),
 (152,246,68,'1991-11-02','1991-11-19'),
 (153,189,355,'2006-02-21','2006-03-17'),
 (154,159,197,'1991-05-15','1991-06-01'),
 (155,8,430,'2001-05-31','2001-06-24'),
 (156,103,155,'2006-01-03','2006-01-31'),
 (157,229,529,'1991-06-21','1991-07-16'),
 (158,230,119,'2008-02-20','2008-03-04'),
 (159,80,452,'1995-11-25','1995-12-11'),
 (160,34,228,'2014-06-24','2014-06-25'),
 (161,91,95,'2013-07-06','2013-07-23'),
 (162,34,133,'2017-06-10','2017-06-26'),
 (163,123,337,'2009-11-05','2009-11-13'),
 (164,57,92,'2017-11-20','2017-12-02'),
 (165,120,227,'2010-03-11','2010-03-25'),
 (166,128,189,'2017-03-04','2017-04-01'),
 (167,37,327,'2005-10-09','2005-10-13'),
 (168,138,287,'2009-04-03','2009-04-11'),
 (169,93,115,'2011-10-10','2011-11-07'),
 (170,125,178,'2017-08-14','2017-08-28'),
 (171,218,327,'2006-05-17','2006-06-14'),
 (172,119,85,'2008-11-04','2008-11-11'),
 (173,5,566,'2013-06-16','2013-07-14'),
 (174,187,84,'2008-11-22','2008-12-15'),
 (175,137,634,'2015-11-13','2015-12-10'),
 (176,194,415,'2017-05-11','2017-05-27'),
 (177,156,532,'2006-02-01','2006-02-11'),
 (178,85,323,'2009-12-30','2010-01-17'),
 (179,100,268,'2007-11-07','2007-12-04'),
 (180,169,457,'2017-01-01','2017-01-18'),
 (181,42,61,'2007-01-15','2007-01-21'),
 (182,103,465,'2006-01-03','2006-01-07'),
 (183,128,520,'2017-03-04','2017-04-02'),
 (184,230,223,'1994-02-13','1994-03-08'),
 (185,221,505,'2015-09-11','2015-09-21'),
 (186,177,613,'2003-05-04','2003-05-16'),
 (187,3,507,'2011-01-22','2011-02-08'),
 (188,78,303,'2010-12-13','2011-01-02'),
 (189,190,287,'2005-08-22','2005-08-22'),
 (190,155,532,'2006-06-28','2006-07-12'),
 (191,153,259,'2012-12-30','2013-01-15'),
 (192,69,77,'2007-06-26','2007-07-13'),
 (193,8,424,'2005-03-03','2005-03-23'),
 (194,196,44,'2018-07-19','2018-07-31'),
 (195,147,271,'2008-02-29','2008-03-02'),
 (196,109,219,'2016-10-16','2016-11-03'),
 (197,91,324,'2013-07-06','2013-07-22'),
 (198,184,182,'2018-02-03','2018-02-22'),
 (199,230,298,'1994-02-13','1994-02-23'),
 (200,36,588,'2010-10-26','2010-11-23'),
 (201,227,416,'1997-09-22','1997-10-20'),
 (202,220,536,'1996-08-31','1996-09-03'),
 (203,46,404,'2009-02-27','2009-03-16'),
 (204,21,516,'2006-06-16','2006-07-08'),
 (205,213,554,'1998-10-28','1998-11-18'),
 (206,232,222,'2017-08-24','2017-09-10'),
 (207,170,530,'2011-11-26','2011-12-25'),
 (208,163,416,'1994-08-18','1994-08-24'),
 (209,21,188,'2004-03-18','2004-04-08'),
 (210,143,593,'2010-03-05','2010-03-14'),
 (211,30,250,'2016-10-24','2016-11-04'),
 (212,163,417,'2006-01-12','2006-01-29'),
 (213,167,83,'1993-07-04','1993-07-23'),
 (214,199,597,'2007-08-07','2007-08-29'),
 (215,162,5,'2018-08-04','2018-08-20'),
 (216,70,483,'2006-06-25','2006-07-15'),
 (217,162,628,'2009-10-23','2009-11-16'),
 (218,129,51,'2017-09-05',NULL),
 (219,130,619,'2017-06-19','2017-06-22'),
 (220,99,198,'2004-05-10','2004-06-06'),
 (221,39,463,'2012-11-13','2012-11-15'),
 (222,119,245,'2008-11-04','2008-11-26'),
 (223,145,339,'2005-05-09','2005-06-07'),
 (224,193,295,'2006-12-18','2007-01-06'),
 (225,148,601,'1998-10-16','1998-11-06'),
 (226,205,329,'2000-06-15','2000-06-27'),
 (227,36,423,'1992-03-16','1992-04-06'),
 (228,24,173,'1999-01-19','1999-01-25'),
 (229,205,529,'1991-12-28','1992-01-01'),
 (230,163,35,'1994-08-18','1994-08-29'),
 (231,144,540,'1998-04-01','1998-04-26'),
 (232,224,122,'2018-04-22','2018-05-03'),
 (233,20,130,'2010-03-31','2010-04-04'),
 (234,126,331,'2001-10-14','2001-10-14'),
 (235,159,219,'2016-10-16','2016-10-20'),
 (236,19,607,'2006-01-06','2006-01-29'),
 (237,209,563,'2016-12-12','2017-01-07'),
 (238,168,399,'2004-10-18','2004-10-24'),
 (239,8,476,'2001-05-31','2001-06-07'),
 (240,238,578,'2013-10-11','2013-11-05'),
 (241,80,291,'1995-11-25','1995-12-18'),
 (242,31,468,'2001-10-18','2001-11-16'),
 (243,72,498,'2012-12-17','2012-12-22'),
 (244,205,203,'2017-12-24','2018-01-09'),
 (245,2,481,'1999-08-09','1999-09-04'),
 (246,173,228,'2014-06-24','2014-07-11'),
 (247,248,310,'2006-01-21','2006-01-30'),
 (248,144,59,'1998-04-01','1998-04-18'),
 (249,245,289,'2006-06-13','2006-06-13'),
 (250,67,628,'2009-10-23','2009-11-20'),
 (251,45,98,'2017-01-14','2017-01-21'),
 (252,237,505,'2016-10-16','2016-11-01'),
 (253,117,627,'2011-01-13','2011-01-15'),
 (254,123,561,'2009-11-05','2009-11-17'),
 (255,119,216,'2008-11-04','2008-11-26'),
 (256,22,460,'2007-11-18','2007-11-30'),
 (257,32,6,'2012-07-22','2012-08-09'),
 (258,139,496,'2016-05-30','2016-06-25'),
 (259,55,336,'2014-03-05','2014-03-19'),
 (260,219,26,'2017-10-04','2017-10-21'),
 (261,191,197,'2015-11-28','2015-12-07'),
 (262,166,341,'2005-06-05','2005-07-01'),
 (263,69,585,'2007-06-26','2007-07-07'),
 (264,48,481,'2013-06-25','2013-07-04'),
 (265,105,15,'2005-06-13','2005-06-14'),
 (266,120,356,'1999-10-25','1999-10-29'),
 (267,91,606,'2013-07-06','2013-07-22'),
 (268,196,228,'2014-06-24','2014-06-29'),
 (269,84,244,'2010-04-05','2010-04-11'),
 (270,73,48,'2013-06-30','2013-07-14'),
 (271,178,52,'2017-01-09','2017-02-06'),
 (272,35,108,'2005-02-26','2005-03-13'),
 (273,158,387,'2007-04-25','2007-05-08'),
 (274,165,260,'2016-09-05','2016-09-30'),
 (275,61,56,'2015-10-14','2015-11-06'),
 (276,199,316,'1995-06-29','1995-07-08'),
 (277,23,141,'2017-11-06','2017-11-24'),
 (278,188,362,'1994-07-14','1994-08-12'),
 (279,147,221,'2008-02-29','2008-03-28'),
 (280,109,575,'2009-04-21','2009-05-12'),
 (281,92,626,'2016-05-06','2016-05-18'),
 (282,215,617,'2009-11-07','2009-11-25'),
 (283,155,4,'2006-06-28','2006-07-10'),
 (284,71,332,'2014-06-27','2014-07-11'),
 (285,12,147,'2007-04-08','2007-04-24'),
 (286,185,305,'2015-06-02','2015-06-30'),
 (287,66,521,'2006-05-22','2006-06-15'),
 (288,138,372,'2015-09-25','2015-10-24'),
 (289,14,530,'2013-07-10','2013-07-27'),
 (290,38,275,'2006-09-01','2006-09-29'),
 (291,52,441,'2006-06-17','2006-07-03'),
 (292,34,357,'1991-04-27','1991-05-18'),
 (293,20,605,'2010-03-31','2010-04-15'),
 (294,71,14,'2014-06-27','2014-07-25'),
 (295,40,260,'2016-09-05','2016-09-14'),
 (296,53,299,'1990-03-21','1990-04-19'),
 (297,208,293,'2012-02-23','2012-03-08'),
 (298,245,376,'2006-06-13','2006-06-22'),
 (299,164,138,'1999-11-10','1999-11-29'),
 (300,64,626,'1990-12-22','1991-01-01'),
 (301,121,468,'2009-10-25','2009-11-14'),
 (302,17,616,'2000-04-21','2000-05-02'),
 (303,181,523,'2015-06-12','2015-07-08'),
 (304,26,106,'2004-07-16','2004-07-29'),
 (305,57,440,'1992-03-01','1992-03-22'),
 (306,242,58,'2015-12-13','2015-12-21'),
 (307,203,247,'1996-03-20','1996-04-17'),
 (308,221,55,'2015-09-11','2015-09-25'),
 (309,60,123,'2012-10-02','2012-10-03'),
 (310,143,587,'2010-03-05','2010-03-20'),
 (311,1,444,'2008-07-04','2008-08-01'),
 (312,108,449,'1992-04-04','1992-04-12'),
 (313,195,334,'2017-07-11','2017-07-18'),
 (314,54,81,'2017-07-29','2017-08-08'),
 (315,136,210,'2006-05-17','2006-05-31'),
 (316,98,141,'2017-11-06','2017-11-26'),
 (317,120,438,'1999-10-25','1999-11-01'),
 (318,41,297,'2013-02-28','2013-02-28'),
 (319,24,19,'1999-01-19','1999-02-16'),
 (320,158,94,'2012-08-23','2012-09-07'),
 (321,39,29,'2016-02-23','2016-03-22'),
 (322,173,308,'2018-07-02','2018-07-16'),
 (323,5,420,'2013-06-16','2013-06-27'),
 (324,14,323,'2013-07-10','2013-07-10'),
 (325,163,177,'1994-08-18','1994-08-20'),
 (326,5,270,'2013-06-16','2013-06-27'),
 (327,212,274,'1998-10-14','1998-10-15'),
 (328,8,320,'2001-06-01','2001-06-17'),
 (329,243,33,'2000-11-23','2000-12-11'),
 (330,164,94,'2012-08-23','2012-08-29'),
 (331,229,259,'2012-12-30',NULL),
 (332,197,363,'2012-11-05','2012-11-23'),
 (333,25,330,'2003-06-09','2003-06-23'),
 (334,101,45,'2002-07-04','2002-07-06'),
 (335,50,476,'1990-11-08','1990-11-21'),
 (336,140,608,'2011-04-12','2011-04-16'),
 (337,31,9,'2001-10-18','2001-10-21'),
 (338,153,15,'2002-09-20','2002-10-03'),
 (339,149,241,'2009-10-04','2009-10-19'),
 (340,72,563,'2016-12-12','2016-12-12'),
 (341,73,167,'1997-05-11','1997-05-12'),
 (342,78,562,'2010-12-13',NULL),
 (343,136,177,'2006-05-17','2006-06-11'),
 (344,231,495,'2017-03-12','2017-03-20'),
 (345,76,612,'2011-04-23','2011-05-01'),
 (346,90,367,'2009-08-09','2009-08-12'),
 (347,82,153,'2016-10-26','2016-11-05'),
 (348,57,436,'1992-03-01','1992-03-07'),
 (349,94,99,'2012-04-23','2012-05-22'),
 (350,130,104,'2014-12-01','2014-12-20'),
 (351,115,92,'2017-11-20','2017-11-21'),
 (352,190,38,'2005-08-22','2005-08-22'),
 (353,239,620,'2010-10-02','2010-10-05'),
 (354,188,247,'1994-07-14','1994-07-23'),
 (355,171,37,'2015-06-19','2015-07-12'),
 (356,173,223,'1996-07-10','1996-07-12'),
 (357,246,49,'1991-11-02','1991-11-22'),
 (358,229,247,'1991-06-21','1991-07-08'),
 (359,17,527,'2010-12-07','2010-12-17'),
 (360,152,267,'2012-09-13','2012-10-10'),
 (361,123,483,'2009-11-05','2009-12-02'),
 (362,123,492,'2009-11-05','2009-11-15'),
 (363,242,349,'1994-11-17','1994-12-09'),
 (364,167,443,'1992-01-03','1992-01-24'),
 (365,7,569,'2002-02-15','2002-03-07'),
 (366,81,465,'2015-06-18','2015-07-04'),
 (367,2,107,'1999-08-09','1999-08-19'),
 (368,120,323,'1999-10-25','1999-11-14'),
 (369,82,402,'2016-10-26','2016-10-28'),
 (370,168,607,'2006-01-06','2006-02-01'),
 (371,147,617,'2008-02-29','2008-03-13'),
 (372,183,418,'2015-12-23','2016-01-01'),
 (373,45,44,'2018-07-19','2018-07-29'),
 (374,226,437,'2014-03-08','2014-03-18'),
 (375,136,41,'2006-05-17','2006-06-14'),
 (376,180,342,'2011-01-30','2011-02-15'),
 (377,197,257,'2011-04-19','2011-05-01'),
 (378,59,285,'2005-07-23','2005-07-26'),
 (379,145,57,'2005-05-09','2005-06-07'),
 (380,237,406,'2016-10-16','2016-10-22'),
 (381,244,31,'2014-04-02','2014-04-11'),
 (382,196,93,'2000-06-03','2000-06-08'),
 (383,136,545,'2006-05-17','2006-06-11'),
 (384,112,92,'2017-11-20','2017-11-20'),
 (385,164,502,'1999-11-10','1999-12-09'),
 (386,107,148,'2014-06-01','2014-06-08'),
 (387,90,237,'2014-05-01','2014-05-01'),
 (388,190,336,'2005-08-22','2005-08-30'),
 (389,120,405,'1999-10-25','1999-11-14'),
 (390,104,97,'2007-01-12','2007-01-28'),
 (391,0,530,'1994-04-27','1994-05-18'),
 (392,49,312,'2015-04-27','2015-05-22'),
 (393,120,252,'1999-10-25','1999-10-25'),
 (394,247,196,'1992-06-14','1992-06-24'),
 (395,229,587,'1991-06-21','1991-07-16'),
 (396,32,168,'2012-07-22','2012-08-09'),
 (397,238,509,'2013-10-11','2013-11-01'),
 (398,164,540,'1999-11-10','1999-11-22'),
 (399,154,393,'2006-10-08','2006-10-28'),
 (400,188,37,'1994-07-14','1994-08-11'),
 (401,14,214,'2015-11-19','2015-12-15'),
 (402,157,490,'2016-11-09','2016-12-07'),
 (403,79,173,'2017-08-20','2017-09-14'),
 (404,154,2,'2006-10-08','2006-11-03'),
 (405,244,70,'2004-07-06','2004-07-18'),
 (406,19,288,'2001-07-05','2001-07-18'),
 (407,194,488,'2017-05-11','2017-05-25'),
 (408,21,207,'2004-03-18','2004-03-22'),
 (409,74,127,'2003-10-04','2003-10-09'),
 (410,77,610,'2017-12-15','2017-12-18'),
 (411,214,579,'1994-12-27','1995-01-08'),
 (412,90,115,'2009-08-09','2009-08-16'),
 (413,220,623,'1996-08-31','1996-09-15'),
 (414,83,98,'2012-05-29',NULL),
 (415,223,466,'2010-03-06','2010-03-12'),
 (416,34,579,'1991-04-27','1991-05-24'),
 (417,234,89,'2009-02-15','2009-03-13'),
 (418,189,448,'2015-11-06','2015-11-24'),
 (419,138,506,'2009-04-03','2009-04-07'),
 (420,239,171,'2012-12-25','2013-01-05'),
 (421,141,458,'2001-09-13','2001-09-15'),
 (422,170,306,'2011-11-26','2011-12-05'),
 (423,101,330,'2002-07-04','2002-07-24'),
 (424,235,228,'2014-06-24','2014-07-11'),
 (425,187,68,'2008-11-22','2008-11-27'),
 (426,124,88,'2015-02-13','2015-02-23'),
 (427,0,447,'1994-04-27','1994-05-23'),
 (428,189,474,'2006-02-21','2006-03-11'),
 (429,8,65,'2001-05-31','2001-06-28'),
 (430,234,107,'2009-02-15','2009-03-12'),
 (431,130,312,'2014-12-01','2014-12-17'),
 (432,134,457,'2016-09-15','2016-10-12'),
 (433,170,451,'2011-11-26','2011-12-04'),
 (434,231,402,'2017-03-12','2017-03-14'),
 (435,238,605,'2013-10-11','2013-10-15'),
 (436,222,582,'2010-11-04','2010-11-26'),
 (437,247,614,'1997-05-18','1997-05-25'),
 (438,219,119,'2017-10-04','2017-10-19'),
 (439,206,48,'2017-02-04','2017-02-17'),
 (440,146,10,'1992-11-29','1992-12-20'),
 (441,4,320,'2001-06-01','2001-06-01'),
 (442,192,136,'2011-01-26',NULL),
 (443,195,467,'2017-07-11','2017-07-11'),
 (444,212,249,'2003-03-11','2003-03-23'),
 (445,131,221,'1991-10-10','1991-10-23'),
 (446,224,464,'2006-02-08','2006-02-09'),
 (447,204,301,'1990-07-23','1990-07-29'),
 (448,165,316,'1999-08-25','1999-09-23'),
 (449,93,246,'2018-06-07','2018-06-21'),
 (450,63,528,'1999-04-26','1999-05-03'),
 (451,76,15,'2011-04-23','2011-05-21'),
 (452,148,507,'1996-08-25','1996-08-29'),
 (453,235,457,'2016-09-15','2016-09-16'),
 (454,224,431,'1998-05-07','1998-05-10'),
 (455,247,89,'1997-10-22','1997-10-24'),
 (456,126,175,'2014-07-17','2014-07-22'),
 (457,10,250,'2009-06-10','2009-07-09'),
 (458,159,280,'2013-09-20','2013-10-02'),
 (459,192,522,'2011-01-26','2011-02-07'),
 (460,6,7,'1990-09-21','1990-10-05'),
 (461,69,485,'2017-10-05','2017-10-17'),
 (462,160,356,'1998-06-26','1998-07-18'),
 (463,198,562,'2013-05-10','2013-06-08'),
 (464,158,48,'2013-06-30','2013-07-09'),
 (465,112,315,'2015-08-13','2015-08-13'),
 (466,40,41,'1990-06-01','1990-06-27'),
 (467,202,317,'2013-06-18','2013-06-28'),
 (468,52,273,'2006-06-17','2006-07-01'),
 (469,60,198,'2012-10-02','2012-10-21'),
 (470,200,170,'1990-02-18','1990-03-16'),
 (471,120,112,'2008-11-11','2008-11-19'),
 (472,196,379,'2002-04-29','2002-05-02'),
 (473,226,480,'2014-03-08','2014-03-19'),
 (474,43,612,'2011-04-18','2011-04-22'),
 (475,140,156,'2011-04-12','2011-05-11'),
 (476,100,471,'2007-11-07','2007-11-19'),
 (477,222,311,'2010-11-04','2010-11-09'),
 (478,40,446,'1990-06-01','1990-06-19'),
 (479,191,215,'2015-11-28','2015-12-20'),
 (480,57,408,'2015-04-15','2015-05-11'),
 (481,220,174,'1996-08-31','1996-09-25'),
 (482,179,453,'2006-05-12','2006-05-18'),
 (483,10,11,'2004-09-14','2004-10-06'),
 (484,245,369,'2006-06-13','2006-06-26'),
 (485,152,427,'1996-08-24','1996-08-24'),
 (486,21,591,'2008-07-03','2008-07-29'),
 (487,84,128,'1995-05-02','1995-05-04'),
 (488,150,160,'2000-09-13','2000-09-18'),
 (489,56,61,'2016-08-02','2016-08-14'),
 (490,87,507,'2004-01-19',NULL),
 (491,62,257,'2001-06-27','2001-06-29'),
 (492,232,258,'1998-12-28','1999-01-03'),
 (493,174,224,'1993-01-24','1993-02-22'),
 (494,98,611,'2008-11-06','2008-12-01'),
 (495,86,299,'2003-11-08','2003-12-05'),
 (496,177,206,'2003-05-04','2003-05-27'),
 (497,200,138,'1995-08-26','1995-09-23'),
 (498,95,621,'2015-12-15','2016-01-05'),
 (499,140,395,'2011-04-12','2011-05-08'),
 (500,77,91,'2017-12-15','2017-12-29'),
 (501,77,342,'2017-12-15','2017-12-16'),
 (502,188,254,'2011-03-07','2011-03-17'),
 (503,176,355,'2007-08-12','2007-08-22'),
 (504,81,316,'2015-06-18','2015-07-14'),
 (505,135,493,'2014-02-08','2014-03-01'),
 (506,16,337,'1995-03-01','1995-03-21'),
 (507,166,251,'2005-06-05','2005-06-26'),
 (508,179,319,'2006-05-12','2006-06-07'),
 (509,28,421,'2017-08-20','2017-08-27'),
 (510,104,626,'2007-01-12','2007-01-18'),
 (511,212,465,'1998-10-14','1998-10-21'),
 (512,67,48,'2013-06-30','2013-07-13'),
 (513,3,230,'2011-01-22','2011-02-11'),
 (514,174,546,'1990-03-26','1990-04-22'),
 (515,76,330,'2011-04-23','2011-05-19'),
 (516,234,280,'2013-09-20','2013-10-11'),
 (517,27,443,'1998-12-15','1999-01-04'),
 (518,36,593,'1992-03-16','1992-03-19'),
 (519,27,12,'1998-12-15','1999-01-11'),
 (520,28,316,'2017-08-20','2017-08-23'),
 (521,132,365,'2004-10-16','2004-11-10'),
 (522,199,378,'1995-06-12','1995-07-10'),
 (523,111,503,'2015-04-29','2015-05-10'),
 (524,202,236,'2013-06-18','2013-06-30'),
 (525,108,51,'1992-04-04','1992-04-17'),
 (526,11,550,'1996-08-08','1996-08-29'),
 (527,248,291,'2006-01-21','2006-02-02'),
 (528,208,568,'2012-02-23','2012-03-17'),
 (529,115,176,'2016-03-18','2016-04-02'),
 (530,10,35,'2004-09-14','2004-10-04'),
 (531,92,430,'2016-05-06','2016-05-21'),
 (532,75,298,'2013-04-17','2013-04-21'),
 (533,16,347,'2013-07-31','2013-08-20'),
 (534,69,318,'2007-06-26','2007-07-22'),
 (535,216,403,'2004-08-18','2004-09-13'),
 (536,169,229,'2017-01-01','2017-01-11'),
 (537,88,618,'1990-07-04','1990-07-12'),
 (538,143,602,'2010-03-05','2010-03-08'),
 (539,169,287,'2017-01-01','2017-01-24'),
 (540,189,284,'2006-02-21','2006-03-13'),
 (541,92,180,'2016-05-06','2016-05-15'),
 (542,21,588,'2010-10-26','2010-11-24'),
 (543,240,177,'2007-06-29','2007-07-02'),
 (544,116,558,'2013-03-09','2013-03-13'),
 (545,59,414,'2005-07-23','2005-08-19'),
 (546,142,245,'2009-10-29','2009-11-05'),
 (547,9,234,'2013-03-07','2013-04-03'),
 (548,191,24,'2015-11-28','2015-12-07'),
 (549,248,569,'2006-01-21','2006-01-31'),
 (550,31,499,'2003-04-28','2003-05-20'),
 (551,107,508,'2014-06-01','2014-06-27'),
 (552,124,42,'2015-02-13','2015-03-04'),
 (553,193,222,'2017-08-24','2017-09-14'),
 (554,87,182,'2018-02-03','2018-03-03'),
 (555,151,64,'2010-07-19','2010-08-13'),
 (556,120,97,'1999-10-25','1999-11-16'),
 (557,3,181,'2016-01-26','2016-02-11'),
 (558,135,316,'1998-10-03','1998-10-13'),
 (559,95,509,'2012-11-27','2012-12-23'),
 (560,248,434,'2017-03-29','2017-04-10'),
 (561,3,76,'2011-01-22','2011-02-18'),
 (562,240,6,'2007-06-29','2007-07-08'),
 (563,83,393,'2012-05-29','2012-06-17'),
 (564,207,328,'2007-10-01','2007-10-19'),
 (565,63,516,'2006-06-16','2006-06-30'),
 (566,38,412,'2006-09-01','2006-09-13'),
 (567,43,596,'1994-07-26','1994-08-16'),
 (568,194,94,'2017-05-11','2017-05-24'),
 (569,80,114,'1995-11-25','1995-12-04'),
 (570,127,432,'2006-07-26','2006-08-19'),
 (571,5,247,'2013-06-16','2013-07-15'),
 (572,93,348,'2011-10-10','2011-11-07'),
 (573,129,105,'2017-09-05','2017-09-16'),
 (574,230,400,'1994-02-13','1994-02-18'),
 (575,180,379,'2011-01-30','2011-02-22'),
 (576,86,475,'2012-12-10','2012-12-23'),
 (577,81,408,'2015-06-18','2015-07-16'),
 (578,208,41,'2012-02-23','2012-03-08'),
 (579,205,494,'1994-11-10','1994-11-19'),
 (580,121,172,'2009-10-25','2009-10-25'),
 (581,36,31,'2014-04-02','2014-04-18'),
 (582,170,374,'2011-11-26','2011-12-13'),
 (583,172,491,'2003-05-31','2003-06-24'),
 (584,140,481,'2011-04-12','2011-05-09'),
 (585,56,286,'2016-08-02','2016-08-05'),
 (586,155,555,'2015-10-05','2015-10-06'),
 (587,6,486,'2003-11-07','2003-11-23'),
 (588,142,283,'2017-05-19','2017-05-29'),
 (589,188,31,'2014-04-02','2014-04-26'),
 (590,219,595,'2017-10-04','2017-10-15'),
 (591,31,449,'2001-10-18','2001-10-23'),
 (592,142,448,'2015-11-06','2015-12-04'),
 (593,135,411,'2001-01-18','2001-02-01'),
 (594,90,201,'2009-08-09','2009-08-24'),
 (595,114,106,'1997-04-04','1997-04-22'),
 (596,25,548,'2003-06-09','2003-07-08'),
 (597,66,152,'1990-12-27','1991-01-09'),
 (598,229,164,'1991-11-11','1991-12-10'),
 (599,208,332,'2012-02-23','2012-03-03'),
 (600,129,517,'2017-09-05','2017-09-24'),
 (601,176,112,'2008-11-11','2008-12-06'),
 (602,10,208,'2004-09-14','2004-10-08'),
 (603,174,87,'1990-03-26','1990-03-26'),
 (604,165,219,'2016-10-16','2016-11-01'),
 (605,107,90,'2015-12-07','2015-12-17'),
 (606,104,263,'2007-01-12','2007-02-04'),
 (607,67,115,'2007-08-17','2007-08-26'),
 (608,116,33,'2009-04-06','2009-04-07'),
 (609,49,289,'2015-04-27','2015-04-28'),
 (610,15,560,'2011-01-30','2011-02-16'),
 (611,246,427,'1991-11-02','1991-11-05'),
 (612,48,57,'2013-06-25','2013-07-16'),
 (613,179,378,'2006-05-12','2006-06-03'),
 (614,183,259,'2015-12-23','2016-01-10'),
 (615,195,271,'2017-07-11','2017-07-24'),
 (616,218,429,'2006-05-17','2006-06-07'),
 (617,138,274,'2009-04-03','2009-04-26'),
 (618,58,589,'2013-10-16','2013-10-30'),
 (619,199,248,'1995-06-12','1995-06-21'),
 (620,180,414,'2011-01-30','2011-02-24'),
 (621,195,263,'2017-07-11','2017-07-22'),
 (622,183,507,'2015-12-23','2016-01-18'),
 (623,152,228,'2014-06-24','2014-07-21'),
 (624,18,370,'1998-08-08','1998-08-14'),
 (625,110,635,'1999-09-28','1999-10-26'),
 (626,187,168,'2008-11-22','2008-11-28'),
 (627,196,115,'2000-10-08','2000-10-27'),
 (628,139,573,'2016-05-30','2016-06-13'),
 (629,101,351,'2004-07-11','2004-07-31'),
 (630,216,8,'2006-05-27','2006-05-29'),
 (631,246,601,'1998-10-16','1998-10-16'),
 (632,92,266,'2017-10-09','2017-10-13'),
 (633,127,500,'2006-07-26','2006-07-27'),
 (634,84,516,'2006-06-16','2006-07-15'),
 (635,224,328,'1998-05-07','1998-05-31'),
 (636,244,226,'2004-07-06','2004-07-13'),
 (637,216,296,'2004-08-18','2004-09-01'),
 (638,64,369,'1990-12-22','1990-12-27'),
 (639,180,618,'2011-01-30','2011-02-03'),
 (640,132,218,'2004-10-16','2004-10-18'),
 (641,159,170,'1991-05-15','1991-06-10'),
 (642,16,427,'1995-03-01','1995-03-02'),
 (643,61,198,'2015-10-14','2015-10-15'),
 (644,109,197,'2009-04-21','2009-04-30'),
 (645,188,625,'2003-11-11','2003-11-23'),
 (646,203,19,'1996-03-20','1996-03-21'),
 (647,236,225,'2015-11-19','2015-12-17'),
 (648,194,298,'2017-05-11','2017-05-26'),
 (649,15,530,'2004-08-13','2004-08-16'),
 (650,42,526,'2007-01-15','2007-02-12'),
 (651,90,287,'2009-08-09','2009-09-05'),
 (652,59,624,'2011-12-08','2011-12-30'),
 (653,0,14,'2002-11-18','2002-12-09'),
 (654,163,181,'2016-01-26','2016-02-13'),
 (655,186,138,'2013-07-06','2013-07-12'),
 (656,41,356,'1998-06-26','1998-07-10'),
 (657,238,335,'2013-10-11','2013-11-05'),
 (658,154,461,'2006-10-08','2006-10-24'),
 (659,119,242,'2008-11-04','2008-11-09'),
 (660,11,137,'1996-08-08','1996-09-06'),
 (661,215,188,'2009-11-07','2009-11-28'),
 (662,85,581,'2009-12-30','2010-01-07'),
 (663,19,569,'2002-02-15','2002-03-12'),
 (664,75,432,'2013-04-17','2013-05-04'),
 (665,118,589,'2002-04-11','2002-05-03'),
 (666,91,331,'2013-07-06','2013-07-30'),
 (667,69,96,'2007-06-26','2007-07-14'),
 (668,214,554,'1994-12-27','1995-01-07'),
 (669,158,248,'2007-04-25','2007-05-02'),
 (670,43,262,'2002-06-07','2002-06-11'),
 (671,148,473,'1996-08-25','1996-09-10'),
 (672,244,213,'2004-07-06','2004-08-03'),
 (673,172,451,'2003-05-31','2003-06-17'),
 (674,50,85,'1991-01-29','1991-02-19'),
 (675,220,566,'2012-11-25','2012-12-10'),
 (676,101,282,'2002-07-04','2002-07-30'),
 (677,37,47,'2005-10-09','2005-11-04'),
 (678,165,62,'1999-08-25','1999-09-11'),
 (679,9,167,'2013-03-07','2013-04-02'),
 (680,57,277,'2017-02-22','2017-02-23'),
 (681,191,540,'2015-11-28','2015-12-06'),
 (682,24,114,'1999-01-19','1999-01-20'),
 (683,187,74,'2008-11-22','2008-12-20'),
 (684,37,494,'2005-10-09','2005-10-20'),
 (685,55,413,'2014-03-05','2014-03-08'),
 (686,156,490,'1998-03-13','1998-03-26'),
 (687,240,312,'2007-06-29','2007-07-06'),
 (688,170,315,'2011-11-26','2011-11-26'),
 (689,78,266,'2017-10-09','2017-10-13'),
 (690,68,309,'2016-05-20','2016-05-23'),
 (691,41,532,'2006-02-01','2006-02-09'),
 (692,67,529,'2007-08-17','2007-09-15'),
 (693,64,277,'2017-02-22','2017-03-07'),
 (694,93,330,'2011-10-10','2011-10-23'),
 (695,202,323,'2013-06-18','2013-06-27'),
 (696,161,504,'2002-09-28','2002-09-29'),
 (697,33,290,'2006-06-17','2006-07-09'),
 (698,200,311,'2002-11-29','2002-12-23'),
 (699,143,330,'2010-03-05','2010-03-06'),
 (700,133,116,'2007-08-11','2007-09-05'),
 (701,223,42,'2010-03-06','2010-03-27'),
 (702,109,244,'2010-04-05','2010-05-04'),
 (703,181,565,'2012-02-03','2012-02-06'),
 (704,180,156,'2011-01-30','2011-02-15'),
 (705,85,280,'2013-09-20','2013-10-16'),
 (706,85,83,'2009-12-30','2009-12-31'),
 (707,146,384,'1992-11-29','1992-12-26'),
 (708,4,470,'1990-08-15','1990-08-29'),
 (709,230,610,'1994-02-13','1994-02-20'),
 (710,68,277,'2017-02-22','2017-03-18'),
 (711,40,627,'2009-06-05','2009-06-08'),
 (712,243,113,'2000-11-23','2000-12-10'),
 (713,242,532,'2006-02-01','2006-02-10'),
 (714,155,10,'2006-06-28','2006-07-09'),
 (715,30,320,'2016-10-24','2016-11-11'),
 (716,113,220,'2017-03-21','2017-04-19'),
 (717,230,493,'2014-02-08','2014-02-24'),
 (718,21,562,'2004-03-18','2004-04-09'),
 (719,200,477,'1994-10-23','1994-11-08'),
 (720,225,458,'2012-09-23','2012-10-22'),
 (721,178,279,'2017-01-09','2017-02-03'),
 (722,155,393,'2006-06-28','2006-07-20'),
 (723,135,160,'1998-10-03','1998-10-21'),
 (724,124,237,'2015-02-13','2015-02-24'),
 (725,21,424,'2005-03-03','2005-03-17'),
 (726,41,314,'1991-11-19','1991-11-23'),
 (727,157,575,'2016-11-09','2016-11-30'),
 (728,97,630,'2001-02-10','2001-03-11'),
 (729,52,99,'2006-10-22','2006-11-02'),
 (730,215,479,'2009-11-07','2009-12-03'),
 (731,118,17,'1992-09-03','1992-09-13'),
 (732,29,442,'1992-06-11','1992-06-21'),
 (733,199,424,'2005-03-03','2005-03-17'),
 (734,192,392,'2012-06-29','2012-07-24'),
 (735,158,169,'2017-04-02','2017-04-20'),
 (736,161,213,'2002-09-28','2002-10-14'),
 (737,41,567,'1992-04-28','1992-05-17'),
 (738,180,118,'2011-01-30','2011-02-23'),
 (739,70,57,'1994-05-05','1994-05-12'),
 (740,23,402,'1996-01-27','1996-02-03'),
 (741,142,413,'2009-10-29','2009-11-17'),
 (742,44,352,'2008-11-26','2008-12-21'),
 (743,123,21,'2009-11-05','2009-11-24'),
 (744,83,137,'2012-05-29','2012-06-24'),
 (745,243,247,'2000-11-23','2000-12-12'),
 (746,95,525,'2012-11-27','2012-12-07'),
 (747,171,135,'2015-07-03','2015-07-13'),
 (748,187,78,'2008-11-22','2008-12-11'),
 (749,42,298,'2007-01-15','2007-01-31'),
 (750,17,361,'1991-08-31','1991-09-28'),
 (751,130,40,'2014-12-01','2014-12-06'),
 (752,166,318,'2005-06-05','2005-06-20'),
 (753,214,294,'2009-02-21','2009-03-22'),
 (754,196,391,'2000-06-03','2000-06-06'),
 (755,98,307,'2012-09-26','2012-09-27'),
 (756,9,514,'2013-03-07','2013-03-16'),
 (757,10,601,'2004-09-14','2004-10-12'),
 (758,86,493,'2014-02-08','2014-02-13'),
 (759,98,532,'2006-02-01','2006-02-27'),
 (760,188,244,'2010-04-05','2010-05-03'),
 (761,76,592,'2011-04-23','2011-05-12'),
 (762,224,445,'1998-05-07','1998-05-22'),
 (763,150,139,'2000-09-13','2000-09-21'),
 (764,129,294,'2017-09-05','2017-09-20'),
 (765,141,516,'2006-06-16','2006-06-25'),
 (766,37,351,'2005-10-09','2005-11-01'),
 (767,23,580,'2009-10-08','2009-10-19'),
 (768,40,136,'1990-06-01','1990-06-03'),
 (769,197,346,'2011-04-19','2011-05-11'),
 (770,29,404,'2002-12-04','2002-12-10'),
 (771,229,242,'2000-06-21','2000-06-23'),
 (772,50,25,'1994-07-07','1994-07-07'),
 (773,183,250,'2015-12-23','2016-01-01'),
 (774,214,405,'1994-12-27','1995-01-04'),
 (775,60,453,'2012-10-02','2012-10-31'),
 (776,216,501,'2012-04-16','2012-04-28'),
 (777,63,604,'2011-11-27','2011-11-29'),
 (778,44,202,'2018-11-22','2018-11-25'),
 (779,121,261,'2009-10-25','2009-11-13'),
 (780,7,108,'2005-02-26','2005-02-28'),
 (781,163,510,'1994-08-18','1994-08-31'),
 (782,21,463,'2004-03-18','2004-04-04'),
 (783,160,512,'1990-12-18','1991-01-03'),
 (784,10,205,'2004-09-14','2004-09-22'),
 (785,71,452,'2014-06-27','2014-07-23'),
 (786,141,97,'2001-09-13','2001-10-05'),
 (787,135,220,'1998-10-03','1998-10-20'),
 (788,121,95,'2009-10-25','2009-10-26'),
 (789,22,225,'2007-11-18','2007-12-09'),
 (790,177,323,'2003-05-04','2003-06-02'),
 (791,217,559,'2011-10-02','2011-10-06'),
 (792,90,534,'2009-08-09','2009-08-19'),
 (793,241,474,'2015-07-13','2015-08-02'),
 (794,115,148,'2016-03-18','2016-04-10'),
 (795,156,590,'1998-03-13','1998-03-27'),
 (796,11,72,'2018-10-12','2018-11-02'),
 (797,20,172,'2010-03-31','2010-04-25'),
 (798,185,486,'2015-06-02','2015-06-21'),
 (799,217,431,'2011-10-02','2011-10-20'),
 (800,229,437,'2006-01-13','2006-01-21'),
 (801,81,117,'2015-06-18','2015-07-04'),
 (802,117,258,'2011-01-13','2011-01-25'),
 (803,184,85,'2012-01-16','2012-01-19'),
 (804,42,250,'2009-06-10','2009-06-18'),
 (805,36,382,'1992-03-16','1992-03-18'),
 (806,28,203,'2017-12-24','2017-12-29'),
 (807,30,615,'2016-10-24','2016-10-28'),
 (808,16,286,'2016-06-03','2016-06-13'),
 (809,11,373,'1996-08-08','1996-08-11'),
 (810,63,17,'1999-04-26','1999-05-22'),
 (811,177,129,'2003-10-02','2003-10-17'),
 (812,19,88,'2007-01-21','2007-01-30'),
 (813,197,358,'2011-04-19','2011-05-18'),
 (814,109,429,'2009-04-21','2009-05-04'),
 (815,93,153,'2011-10-10','2011-10-15'),
 (816,110,341,'1998-01-15','1998-01-31'),
 (817,159,237,'2014-05-01','2014-05-05'),
 (818,230,301,'1994-02-13','1994-03-09'),
 (819,16,108,'2005-02-26','2005-03-08'),
 (820,192,204,'2011-01-26','2011-02-10'),
 (821,37,491,'2005-10-09','2005-10-29'),
 (822,199,37,'1995-06-12','1995-06-21'),
 (823,242,297,'2013-02-28','2013-03-03'),
 (824,5,467,'2013-06-16','2013-07-09'),
 (825,2,214,'2015-11-19','2015-12-06'),
 (826,58,339,'2013-10-16','2013-10-24'),
 (827,112,569,'2015-08-13','2015-09-11'),
 (828,5,47,'2013-06-16','2013-06-19'),
 (829,160,541,'1990-12-18','1991-01-12'),
 (830,144,502,'1998-04-01','1998-04-23'),
 (831,138,177,'2009-04-03','2009-04-11'),
 (832,121,198,'2009-10-25','2009-11-11'),
 (833,226,538,'2014-03-08','2014-03-25'),
 (834,167,396,'1994-06-14','1994-06-14'),
 (835,249,583,'2005-07-20','2005-07-26'),
 (836,75,517,'2013-04-17','2013-04-28'),
 (837,199,594,'1995-06-12','1995-07-01'),
 (838,70,175,'2014-07-17','2014-08-08'),
 (839,125,587,'2017-08-14','2017-08-17'),
 (840,86,56,'2003-11-08','2003-11-08'),
 (841,123,378,'2009-11-05','2009-11-23'),
 (842,34,549,'2006-06-30','2006-07-21'),
 (843,162,76,'1993-10-19','1993-10-20'),
 (844,110,453,'1998-01-15','1998-01-18'),
 (845,138,630,'2009-04-03','2009-04-12'),
 (846,60,237,'2014-05-01','2014-05-14'),
 (847,90,20,'2009-08-09','2009-08-27'),
 (848,117,74,'2011-01-13','2011-02-08'),
 (849,183,353,'2015-12-23','2016-01-16'),
 (850,36,286,'2016-06-03','2016-06-28'),
 (851,24,420,'2013-05-11','2013-06-01'),
 (852,196,3,'2017-03-02','2017-03-03'),
 (853,11,222,'2017-08-24','2017-09-19'),
 (854,247,614,'1997-05-18','1997-05-27'),
 (855,74,427,'2003-10-04','2003-10-21'),
 (856,105,571,'2005-06-13','2005-07-08'),
 (857,5,342,'2013-06-16','2013-06-28'),
 (858,80,40,'1995-11-25','1995-12-02'),
 (859,156,319,'1998-03-13','1998-03-31'),
 (860,161,592,'2002-09-28','2002-10-04'),
 (861,9,146,'2013-03-07','2013-03-20'),
 (862,159,33,'1991-05-15','1991-06-01'),
 (863,18,54,'1998-08-08','1998-09-04'),
 (864,64,455,'2012-09-24','2012-10-13'),
 (865,16,100,'1995-03-01','1995-03-28'),
 (866,235,148,'2001-05-28','2001-06-06'),
 (867,71,246,'2018-06-07','2018-07-02'),
 (868,68,193,'2016-05-20','2016-05-26'),
 (869,203,410,'1996-03-20','1996-03-20'),
 (870,202,275,'2013-06-18','2013-07-16'),
 (871,208,344,'2012-02-23','2012-03-01'),
 (872,222,117,'2010-11-04','2010-11-10'),
 (873,88,510,'1990-07-04','1990-08-02'),
 (874,60,446,'2012-10-02','2012-10-30'),
 (875,208,339,'2012-02-23','2012-03-06'),
 (876,228,339,'2010-05-23','2010-06-20'),
 (877,165,618,'1999-08-25','1999-09-03'),
 (878,174,116,'1990-03-26','1990-03-28'),
 (879,157,493,'2016-11-09','2016-11-22'),
 (880,104,367,'2007-01-12','2007-01-30'),
 (881,125,187,'2017-08-14','2017-08-14'),
 (882,119,397,'2014-08-14','2014-09-08'),
 (883,28,159,'2017-08-20','2017-09-07'),
 (884,152,226,'1996-08-24','1996-09-17'),
 (885,212,147,'2000-02-29','2000-03-24'),
 (886,223,72,'2018-10-12','2018-11-05'),
 (887,234,478,'2009-02-15','2009-02-15'),
 (888,247,315,'1992-06-14','1992-07-03'),
 (889,6,228,'2014-06-24','2014-07-15'),
 (890,18,499,'2003-04-28','2003-05-09'),
 (891,101,242,'2002-07-04','2002-07-29'),
 (892,8,268,'2001-05-31','2001-06-27'),
 (893,220,427,'1996-08-31','1996-09-22'),
 (894,6,157,'2011-05-09','2011-05-09'),
 (895,242,416,'1994-11-17','1994-12-07'),
 (896,72,283,'2017-05-19','2017-05-27'),
 (897,62,266,'2017-10-09','2017-11-03'),
 (898,208,532,'2012-02-23','2012-03-20'),
 (899,222,7,'2010-11-04','2010-11-30'),
 (900,213,31,'2014-04-02','2014-04-13'),
 (901,188,403,'1994-07-14','1994-07-27'),
 (902,149,46,'2009-10-04','2009-10-13'),
 (903,115,199,'2016-03-18','2016-04-05'),
 (904,25,495,'2014-01-31','2014-02-10'),
 (905,192,611,'2011-01-26','2011-01-27'),
 (906,114,224,'1997-04-04','1997-04-04'),
 (907,23,86,'1996-01-27','1996-02-08'),
 (908,48,171,'2013-06-25','2013-07-04'),
 (909,63,468,'1999-04-26','1999-05-21'),
 (910,215,226,'2009-11-07','2009-12-03'),
 (911,17,136,'1991-08-31','1991-09-19'),
 (912,0,204,'1996-06-07','1996-07-02'),
 (913,197,322,'2011-04-19','2011-04-30'),
 (914,236,179,'2015-11-21','2015-12-12'),
 (915,191,41,'2015-11-28','2015-12-25'),
 (916,210,118,'2003-02-18','2003-03-06'),
 (917,138,496,'2009-04-03','2009-04-07'),
 (918,105,577,'2005-06-13','2005-07-07'),
 (919,114,63,'1997-04-04','1997-04-22'),
 (920,244,260,'2016-09-05','2016-09-29'),
 (921,17,586,'2004-09-02','2004-09-29'),
 (922,156,30,'1998-03-13','1998-04-05'),
 (923,144,120,'1998-04-01','1998-04-03'),
 (924,89,368,'1991-03-11','1991-03-20'),
 (925,179,494,'2006-05-12','2006-06-06'),
 (926,92,317,'2016-05-06','2016-05-29'),
 (927,182,44,'2018-07-19','2018-07-22'),
 (928,227,364,'1997-09-22','1997-10-03'),
 (929,206,541,'2017-02-04','2017-02-11'),
 (930,74,387,'2003-10-04','2003-10-08'),
 (931,135,427,'1998-10-03','1998-10-07'),
 (932,134,309,'2011-01-25','2011-02-07'),
 (933,212,275,'2004-09-06','2004-09-27'),
 (934,186,401,'2013-07-06','2013-07-11'),
 (935,8,293,'2001-05-31','2001-06-20'),
 (936,113,441,'2017-03-21','2017-04-03'),
 (937,228,386,'2010-05-23','2010-05-30'),
 (938,9,554,'2013-03-07','2013-03-28'),
 (939,82,172,'2016-10-26','2016-11-24'),
 (940,210,39,'2015-11-11',NULL),
 (941,4,392,'2012-06-29','2012-07-11'),
 (942,37,626,'2005-10-09','2005-10-20'),
 (943,124,515,'2015-02-13','2015-02-23'),
 (944,108,360,'1992-04-04','1992-04-11'),
 (945,21,211,'2004-03-18','2004-04-09'),
 (946,26,48,'2013-06-30','2013-07-08'),
 (947,180,143,'2011-01-30','2011-02-07'),
 (948,185,604,'2015-06-02','2015-06-06'),
 (949,19,359,'2001-07-05','2001-07-18'),
 (950,4,180,'1990-08-15','1990-09-06'),
 (951,186,98,'2013-07-06','2013-07-06'),
 (952,196,460,'2000-06-03','2000-06-20'),
 (953,220,273,'1996-08-31','1996-09-11'),
 (954,34,161,'1991-04-27','1991-05-09'),
 (955,178,504,'2017-01-09','2017-01-23'),
 (956,211,237,'2014-05-01','2014-05-10'),
 (957,226,113,'2014-03-08','2014-03-17'),
 (958,62,162,'1999-09-14','1999-10-01'),
 (959,164,220,'1999-11-10','1999-11-17'),
 (960,182,487,'2004-12-26','2005-01-14'),
 (961,85,285,'2009-12-30','2010-01-23'),
 (962,32,140,'2012-07-22','2012-08-11'),
 (963,238,548,'2013-10-11',NULL),
 (964,6,455,'2012-09-24','2012-10-06'),
 (965,152,199,'2004-03-05','2004-03-14'),
 (966,178,567,'2017-01-09','2017-01-26'),
 (967,44,473,'1992-10-24','1992-11-09'),
 (968,147,311,'2008-02-29','2008-03-24'),
 (969,212,146,'1998-10-14','1998-11-02'),
 (970,232,528,'1998-12-28','1999-01-21'),
 (971,94,174,'2012-04-23','2012-04-25'),
 (972,164,415,'1999-11-10','1999-12-04'),
 (973,80,263,'1995-11-25','1995-12-23'),
 (974,81,317,'2015-06-18','2015-06-29'),
 (975,249,375,'2005-07-20','2005-08-02'),
 (976,13,349,'2003-10-21','2003-11-05'),
 (977,47,522,'2001-03-25','2001-04-06'),
 (978,123,568,'2009-11-05','2009-11-11'),
 (979,248,252,'2006-01-21','2006-02-17'),
 (980,79,453,'2017-08-20','2017-09-04'),
 (981,148,388,'1996-08-25','1996-09-23'),
 (982,88,115,'2000-10-08','2000-10-31'),
 (983,128,339,'2017-03-04','2017-03-20'),
 (984,164,498,'2007-01-12','2007-02-02'),
 (985,229,154,'2018-04-30','2018-05-21'),
 (986,33,539,'2007-06-15','2007-06-30'),
 (987,208,590,'2012-02-23','2012-03-03'),
 (988,154,382,'2006-10-08','2006-10-08'),
 (989,245,437,'2006-06-13','2006-07-04'),
 (990,30,531,'2016-10-24','2016-11-18'),
 (991,206,414,'2017-02-04','2017-02-19'),
 (992,90,520,'2009-08-09','2009-08-17'),
 (993,81,166,'2015-06-18','2015-07-13'),
 (994,206,571,'2017-02-04','2017-02-05'),
 (995,82,566,'2016-10-26','2016-10-30'),
 (996,87,406,'2008-10-03','2008-10-10'),
 (997,55,303,'2014-03-05','2014-03-12'),
 (998,17,182,'2018-02-03','2018-02-27'),
 (999,132,478,'2004-10-16','2004-10-26'),
 (1000,138,501,'2012-04-16','2012-04-23'),
 (1001,181,391,'2012-02-03','2012-02-03'),
 (1002,115,551,'2016-03-18','2016-03-25'),
 (1003,54,148,'2017-07-29','2017-08-10'),
 (1004,7,320,'2001-06-01','2001-06-11'),
 (1005,173,407,'2013-01-24','2013-01-29'),
 (1006,31,616,'2001-10-18','2001-10-28'),
 (1007,70,197,'1992-08-28','1992-08-29'),
 (1008,221,467,'2015-09-11','2015-09-22'),
 (1009,49,282,'2015-04-27','2015-05-23'),
 (1010,14,186,'2015-09-11','2015-09-14'),
 (1011,3,138,'2011-01-22','2011-01-23'),
 (1012,185,172,'2015-06-02','2015-06-14'),
 (1013,240,552,'2007-06-29','2007-07-17'),
 (1014,15,504,'2004-08-13','2004-08-17'),
 (1015,136,414,'2006-05-17','2006-06-05'),
 (1016,91,201,'2013-07-06','2013-07-12'),
 (1017,94,340,'2017-05-01','2017-05-15'),
 (1018,116,502,'2009-04-06','2009-04-30'),
 (1019,117,361,'2011-01-13','2011-01-16'),
 (1020,200,342,'1990-12-30','1991-01-03'),
 (1021,19,278,'2001-07-05','2001-07-17'),
 (1022,246,566,'2012-11-25','2012-12-19'),
 (1023,216,564,'2004-08-18','2004-08-30'),
 (1024,47,465,'2001-03-25','2001-03-26'),
 (1025,133,50,'2007-08-11','2007-08-24'),
 (1026,243,311,'2002-11-29','2002-12-05'),
 (1027,129,456,'2017-09-05','2017-09-09'),
 (1028,195,568,'2017-07-11','2017-07-12'),
 (1029,178,57,'2017-01-09','2017-02-02'),
 (1030,225,84,'2012-09-23','2012-09-26'),
 (1031,86,202,'2018-11-22','2018-12-09'),
 (1032,144,558,'2013-03-09','2013-03-25'),
 (1033,201,156,'2008-10-25','2008-11-19'),
 (1034,121,309,'2009-10-25','2009-11-14'),
 (1035,59,346,'2005-07-23','2005-08-06'),
 (1036,201,430,'1999-02-16','1999-03-14'),
 (1037,137,359,'1998-04-23','1998-05-18'),
 (1038,102,607,'2008-03-07','2008-03-11'),
 (1039,117,519,'2011-01-13','2011-02-11'),
 (1040,152,327,'1996-08-24','1996-09-06'),
 (1041,221,231,'2015-09-11','2015-09-14'),
 (1042,248,209,'2017-09-14','2017-09-29'),
 (1043,27,99,'2006-10-22','2006-11-04'),
 (1044,132,633,'2004-10-16','2004-10-17'),
 (1045,64,379,'2002-04-29','2002-05-15'),
 (1046,97,486,'2003-11-07','2003-12-06'),
 (1047,201,66,'2000-09-22','2000-09-26'),
 (1048,90,594,'2009-08-09','2009-08-21'),
 (1049,142,279,'2009-10-29','2009-10-31'),
 (1050,40,299,'1990-06-01','1990-06-30'),
 (1051,154,211,'2006-10-08','2006-11-02'),
 (1052,234,30,'2009-02-15','2009-03-08'),
 (1053,173,562,'1996-07-10','1996-07-30'),
 (1054,27,347,'2013-07-31','2013-08-13'),
 (1055,81,201,'2015-06-18','2015-07-09'),
 (1056,58,113,'2013-10-16','2013-11-10'),
 (1057,144,25,'1998-04-01','1998-04-03'),
 (1058,114,329,'2000-06-15','2000-07-08'),
 (1059,203,461,'1996-03-20','1996-04-18'),
 (1060,76,288,'2011-04-23','2011-05-14'),
 (1061,217,567,'2011-10-02','2011-10-31'),
 (1062,198,312,'2013-05-10','2013-06-08'),
 (1063,55,184,'2014-03-05','2014-04-01'),
 (1064,135,451,'1998-10-03','1998-11-01'),
 (1065,65,523,'2017-11-27','2017-12-20'),
 (1066,30,28,'2016-10-24','2016-11-13'),
 (1067,128,363,'2017-03-04','2017-03-11'),
 (1068,51,446,'2001-11-07','2001-12-04'),
 (1069,193,344,'2006-12-18','2007-01-12'),
 (1070,82,634,'2016-10-26','2016-11-11'),
 (1071,43,598,'1994-07-26','1994-08-14'),
 (1072,84,466,'1995-05-02','1995-05-11'),
 (1073,2,271,'1999-08-09','1999-08-26'),
 (1074,206,617,'2017-02-04','2017-02-22'),
 (1075,152,79,'1996-08-24','1996-08-30'),
 (1076,231,7,'2017-03-12','2017-03-20'),
 (1077,45,201,'2017-01-14','2017-01-22'),
 (1078,9,312,'2013-03-07','2013-03-23'),
 (1079,123,586,'2009-11-05','2009-12-01'),
 (1080,31,535,'2001-10-18','2001-11-15'),
 (1081,241,362,'2015-07-13','2015-08-03'),
 (1082,191,288,'2015-11-28','2015-12-11'),
 (1083,83,204,'2012-05-29','2012-06-21'),
 (1084,161,133,'2017-06-10','2017-06-15'),
 (1085,171,581,'2015-06-19','2015-07-08'),
 (1086,125,450,'2017-08-14','2017-08-16'),
 (1087,104,309,'2007-01-12','2007-02-02'),
 (1088,98,246,'2018-06-07','2018-06-13'),
 (1089,210,28,'2003-02-18','2003-03-11'),
 (1090,137,596,'1998-04-23','1998-04-29'),
 (1091,51,150,'2001-11-07','2001-11-13'),
 (1092,234,362,'2009-02-15','2009-02-25'),
 (1093,69,376,'2007-06-26','2007-07-21'),
 (1094,58,393,'2013-10-16','2013-11-01'),
 (1095,87,481,'2004-01-19','2004-01-20'),
 (1096,89,294,'2009-02-21','2009-03-20'),
 (1097,133,214,'2015-11-19','2015-12-02'),
 (1098,22,302,'2018-08-01','2018-08-27'),
 (1099,161,526,'2002-09-28','2002-10-20'),
 (1100,29,585,'1992-06-11','1992-07-04'),
 (1101,99,403,'1998-11-16','1998-12-07'),
 (1102,173,412,'1996-07-10','1996-07-22'),
 (1103,21,597,'2007-08-07','2007-08-14'),
 (1104,235,293,'2000-02-14','2000-03-09'),
 (1105,215,609,'2009-11-07','2009-11-09'),
 (1106,174,16,'1990-03-26','1990-03-27'),
 (1107,10,120,'2004-09-14','2004-09-14'),
 (1108,43,466,'1994-07-26','1994-07-27'),
 (1109,231,210,'2017-03-12','2017-03-15'),
 (1110,158,219,'2016-10-16','2016-10-17'),
 (1111,54,517,'2017-07-29','2017-08-04'),
 (1112,162,17,'1993-10-19','1993-10-27'),
 (1113,209,286,'2016-06-03','2016-06-06'),
 (1114,74,562,'2003-10-04','2003-10-23'),
 (1115,249,243,'2005-07-20','2005-07-27'),
 (1116,152,481,'1996-08-24','1996-08-27'),
 (1117,29,360,'1992-06-11','1992-06-30'),
 (1118,33,194,'2006-06-17','2006-07-14'),
 (1119,205,293,'2000-02-14','2000-03-03'),
 (1120,152,538,'1997-01-24','1997-02-14'),
 (1121,202,309,'2013-06-18','2013-07-02'),
 (1122,232,69,'2013-09-16','2013-10-01'),
 (1123,30,635,'2016-10-24','2016-10-31'),
 (1124,187,347,'2013-07-31','2013-08-19'),
 (1125,74,252,'2003-10-04','2003-10-29'),
 (1126,23,163,'2017-09-08','2017-10-06'),
 (1127,101,492,'2002-07-04','2002-07-21'),
 (1128,54,498,'2017-07-29','2017-08-13'),
 (1129,101,25,'2002-07-04','2002-07-30'),
 (1130,90,422,'2009-08-09','2009-08-10'),
 (1131,240,428,'2007-06-29','2007-06-30'),
 (1132,242,187,'1994-11-17','1994-11-29'),
 (1133,79,487,'2017-08-20','2017-08-29'),
 (1134,173,286,'2016-06-03','2016-06-11'),
 (1135,107,397,'2014-08-14','2014-09-05'),
 (1136,38,291,'2006-09-01','2006-09-25'),
 (1137,54,371,'2017-07-29','2017-08-16'),
 (1138,108,420,'2013-05-11','2013-05-16'),
 (1139,200,551,'2006-10-09','2006-10-24'),
 (1140,239,478,'2010-10-02','2010-10-09'),
 (1141,247,117,'1992-06-14','1992-07-01'),
 (1142,175,336,'1994-10-27','1994-11-09'),
 (1143,217,408,'2015-04-15','2015-04-17'),
 (1144,121,179,'2015-11-21','2015-12-12'),
 (1145,20,237,'2014-05-01','2014-05-03'),
 (1146,67,203,'2017-12-24','2018-01-17'),
 (1147,79,4,'2017-08-20','2017-09-11'),
 (1148,165,513,'1999-08-25','1999-09-04'),
 (1149,69,32,'2007-06-26','2007-06-30'),
 (1150,173,621,'2015-12-15','2015-12-26'),
 (1151,150,199,'2004-03-05','2004-03-21'),
 (1152,163,553,'1994-08-18','1994-08-27'),
 (1153,125,586,'2017-08-14','2017-09-06'),
 (1154,190,254,'2011-03-07','2011-03-18'),
 (1155,76,398,'2011-04-23','2011-04-25'),
 (1156,78,524,'2010-12-13','2010-12-18'),
 (1157,160,56,'2001-06-28','2001-07-07'),
 (1158,97,427,'2001-02-10','2001-03-05'),
 (1159,53,292,'2004-01-20','2004-02-04'),
 (1160,27,446,'1998-12-15','1998-12-22'),
 (1161,223,380,'2010-03-06','2010-03-31'),
 (1162,46,161,'2009-02-27','2009-03-10'),
 (1163,191,536,'2015-11-28','2015-12-25'),
 (1164,129,21,'2017-09-05','2017-09-18'),
 (1165,106,33,'1991-10-27','1991-11-13'),
 (1166,135,504,'2002-08-25','2002-09-22'),
 (1167,248,543,'2015-11-09','2015-12-04'),
 (1168,46,137,'2009-02-27','2009-03-19'),
 (1169,71,29,'2016-02-23','2016-03-08'),
 (1170,93,375,'2011-10-10','2011-10-19'),
 (1171,210,211,'2003-02-18','2003-03-02'),
 (1172,79,17,'2017-08-20','2017-08-23'),
 (1173,135,571,'1998-10-03','1998-10-24'),
 (1174,41,166,'1991-11-19','1991-11-30'),
 (1175,212,297,'2013-02-28','2013-03-24'),
 (1176,155,578,'2006-06-28','2006-07-21'),
 (1177,229,319,'1993-10-08','1993-11-02'),
 (1178,193,401,'2006-12-18','2007-01-07'),
 (1179,129,541,'2017-09-05','2017-09-07'),
 (1180,34,208,'1991-04-27','1991-05-08'),
 (1181,242,505,'1994-11-17','1994-11-29'),
 (1182,69,611,'2008-11-06','2008-11-07'),
 (1183,113,261,'2017-03-21','2017-03-23'),
 (1184,164,415,'1999-11-10','1999-11-23'),
 (1185,47,98,'2001-03-25','2001-04-07'),
 (1186,26,76,'2004-07-16','2004-07-25'),
 (1187,236,70,'2015-11-19','2015-12-05'),
 (1188,241,64,'2015-07-13','2015-07-20'),
 (1189,109,321,'2009-04-21','2009-05-04'),
 (1190,117,564,'2011-01-13','2011-01-31'),
 (1191,77,159,'2017-12-15','2018-01-05'),
 (1192,100,475,'2012-12-10','2012-12-31'),
 (1193,64,468,'1991-07-16','1991-07-21'),
 (1194,66,149,'2002-01-03','2002-01-09'),
 (1195,238,169,'2017-04-02','2017-04-11'),
 (1196,180,339,'2011-01-30','2011-02-08'),
 (1197,9,223,'2013-03-07','2013-03-28'),
 (1198,12,541,'2007-04-08','2007-05-05'),
 (1199,220,577,'1996-08-31','1996-09-21'),
 (1200,166,34,'2012-09-01','2012-09-27'),
 (1201,90,124,'2009-08-09','2009-08-12'),
 (1202,122,67,'1990-10-07','1990-11-02'),
 (1203,44,352,'2008-11-26','2008-12-03'),
 (1204,62,363,'2012-11-05','2012-11-11'),
 (1205,90,438,'2009-08-09','2009-09-03'),
 (1206,184,150,'2012-01-16','2012-02-06'),
 (1207,60,567,'2012-10-02','2012-10-19'),
 (1208,64,35,'1990-12-22','1991-01-11'),
 (1209,17,92,'2017-11-20','2017-11-28'),
 (1210,4,134,'1998-02-14','1998-03-03'),
 (1211,198,281,'2013-05-10','2013-06-05'),
 (1212,148,389,'1996-08-25','1996-09-05'),
 (1213,116,49,'2009-04-06','2009-04-26'),
 (1214,201,436,'1999-02-16','1999-03-04'),
 (1215,123,329,'2009-11-05','2009-11-08'),
 (1216,126,411,'2001-10-14','2001-11-12'),
 (1217,1,231,'2014-11-25','2014-11-26'),
 (1218,50,32,'2000-05-08','2000-05-30'),
 (1219,209,404,'2002-12-04','2002-12-16'),
 (1220,21,336,'2004-03-18','2004-04-10'),
 (1221,122,484,'1990-10-07','1990-10-25'),
 (1222,137,155,'1998-04-23','1998-04-23'),
 (1223,217,35,'2011-10-02','2011-10-16'),
 (1224,125,302,'2018-08-01','2018-08-07'),
 (1225,48,25,'2013-06-25','2013-07-13'),
 (1226,116,476,'2009-04-06','2009-04-21'),
 (1227,37,318,'2005-10-09','2005-10-20'),
 (1228,160,462,'1990-12-18','1991-01-04'),
 (1229,159,107,'1991-08-05','1991-08-24'),
 (1230,6,185,'1990-09-21','1990-09-27'),
 (1231,15,100,'2004-08-13','2004-09-11'),
 (1232,6,511,'1993-04-01','1993-04-29'),
 (1233,217,97,'2011-10-02','2011-10-14'),
 (1234,168,35,'2004-10-18','2004-11-04'),
 (1235,199,527,'2010-12-07','2011-01-05'),
 (1236,162,375,'1993-10-19','1993-10-23'),
 (1237,185,605,'2015-06-02','2015-06-24'),
 (1238,119,324,'2008-11-04','2008-11-11'),
 (1239,151,366,'2002-05-25','2002-06-09'),
 (1240,160,333,'1990-12-18','1990-12-27'),
 (1241,135,369,'1998-10-03','1998-10-25'),
 (1242,71,82,'2014-06-27','2014-07-26'),
 (1243,7,275,'2004-09-06','2004-10-02'),
 (1244,151,275,'2004-09-06','2004-09-07'),
 (1245,174,423,'1990-03-26','1990-03-30'),
 (1246,234,358,'2009-02-15','2009-03-06'),
 (1247,29,533,'2000-12-09','2000-12-19'),
 (1248,182,14,'2004-12-26','2005-01-19'),
 (1249,70,167,'1992-08-28','1992-09-10'),
 (1250,167,321,'1992-01-03','1992-01-18'),
 (1251,160,471,'1999-09-05','1999-09-16'),
 (1252,146,496,'2007-12-31','2008-01-10'),
 (1253,55,361,'2014-03-05','2014-03-31'),
 (1254,168,263,'2004-10-18','2004-10-31'),
 (1255,59,223,'2005-07-23','2005-07-28'),
 (1256,155,495,'2014-01-31','2014-02-12'),
 (1257,42,625,'2007-01-15','2007-02-06'),
 (1258,28,209,'2017-09-14','2017-09-15'),
 (1259,24,65,'1999-01-19','1999-02-04'),
 (1260,216,11,'2004-08-18','2004-09-04'),
 (1261,218,463,'2006-05-17','2006-05-31'),
 (1262,173,123,'1999-02-03','1999-02-08'),
 (1263,162,133,'2017-06-10','2017-06-23'),
 (1264,25,551,'2006-10-09','2006-10-21'),
 (1265,88,284,'1990-07-04','1990-07-12'),
 (1266,120,538,'1999-10-25','1999-11-10'),
 (1267,161,285,'2003-09-10','2003-10-01'),
 (1268,175,527,'2010-12-07','2010-12-17'),
 (1269,25,528,'2003-06-09','2003-06-16'),
 (1270,116,322,'2009-04-06','2009-04-21'),
 (1271,68,76,'2016-05-20','2016-05-22'),
 (1272,200,373,'1992-02-05','1992-02-10'),
 (1273,46,400,'2009-02-27','2009-03-27'),
 (1274,213,65,'1998-10-28','1998-11-26'),
 (1275,36,249,'2003-03-11','2003-03-25'),
 (1276,34,346,'1991-04-27','1991-05-09'),
 (1277,86,629,'2003-11-08','2003-11-22'),
 (1278,218,569,'2006-05-17','2006-06-09'),
 (1279,207,80,'2007-10-01','2007-10-28'),
 (1280,81,567,'2015-06-18','2015-07-13'),
 (1281,109,521,'2009-04-21','2009-04-29'),
 (1282,161,302,'2018-08-01','2018-08-20'),
 (1283,15,225,'2006-09-17','2006-09-20'),
 (1284,101,23,'2003-10-08','2003-10-19'),
 (1285,181,253,'2012-02-03','2012-02-18'),
 (1286,195,268,'2017-07-11','2017-07-29'),
 (1287,129,391,'2017-09-05','2017-09-17'),
 (1288,31,300,'2001-10-18','2001-11-05'),
 (1289,120,316,'1999-10-25','1999-11-03'),
 (1290,2,133,'2017-06-10','2017-06-20'),
 (1291,194,424,'2017-05-11','2017-05-20'),
 (1292,45,12,'2017-01-14','2017-01-20'),
 (1293,108,6,'1995-10-06','1995-10-23'),
 (1294,119,177,'2008-11-04','2008-11-23'),
 (1295,206,482,'2017-02-04','2017-02-26'),
 (1296,38,619,'2017-06-19','2017-06-26'),
 (1297,169,307,'2017-01-01','2017-01-11'),
 (1298,210,441,'2003-02-18','2003-02-21'),
 (1299,50,460,'1990-11-08','1990-11-15'),
 (1300,119,600,'2008-11-04','2008-11-04'),
 (1301,207,374,'2007-10-01','2007-10-01'),
 (1302,172,305,'2003-05-31','2003-06-11'),
 (1303,43,146,'1995-12-11','1995-12-17'),
 (1304,211,538,'2010-12-12','2010-12-31'),
 (1305,63,177,'1999-04-26','1999-04-28'),
 (1306,184,272,'2012-01-16','2012-02-02'),
 (1307,36,607,'2006-01-06','2006-01-14'),
 (1308,114,498,'2007-01-12','2007-01-30'),
 (1309,130,9,'2014-12-01','2014-12-16'),
 (1310,176,551,'2007-08-12','2007-08-29'),
 (1311,26,509,'2004-07-16','2004-07-26'),
 (1312,177,380,'2003-05-04','2003-05-04'),
 (1313,211,554,'2010-12-12','2010-12-17'),
 (1314,57,133,'2017-06-10','2017-06-24'),
 (1315,238,133,'2017-06-10','2017-06-29'),
 (1316,89,148,'2001-05-28','2001-06-02'),
 (1317,149,479,'2009-10-04','2009-10-18'),
 (1318,14,271,'2013-07-10','2013-07-24'),
 (1319,157,330,'2016-11-09','2016-11-16'),
 (1320,89,25,'1994-07-07','1994-07-31'),
 (1321,74,370,'2003-10-04','2003-10-22'),
 (1322,53,604,'2011-11-27','2011-12-23'),
 (1323,227,635,'1999-09-28','1999-10-08'),
 (1324,5,274,'2013-06-16','2013-06-30'),
 (1325,178,593,'2017-01-09','2017-01-26'),
 (1326,54,101,'2017-07-29','2017-08-15'),
 (1327,206,256,'2018-06-23','2018-07-11'),
 (1328,7,394,'1993-12-09','1993-12-29'),
 (1329,186,439,'2013-07-06','2013-07-07'),
 (1330,76,107,'2011-04-23','2011-04-28'),
 (1331,240,415,'2007-06-29','2007-07-24'),
 (1332,231,551,'2017-03-12','2017-03-17'),
 (1333,223,354,'2010-03-06','2010-03-11'),
 (1334,186,206,'2013-07-06','2013-07-11'),
 (1335,53,6,'1995-10-06','1995-10-23'),
 (1336,78,148,'2010-12-13','2011-01-11'),
 (1337,33,400,'2006-06-17','2006-06-30'),
 (1338,164,36,'2004-07-27','2004-07-28'),
 (1339,212,605,'2004-06-03','2004-06-25'),
 (1340,34,195,'2013-09-11','2013-10-03'),
 (1341,206,509,'2017-02-04','2017-02-18'),
 (1342,120,399,'1999-10-25','1999-11-06'),
 (1343,60,454,'2012-10-02','2012-10-04'),
 (1344,125,332,'2017-08-14','2017-08-21'),
 (1345,219,78,'2017-10-04','2017-10-27'),
 (1346,180,582,'2011-01-30','2011-02-17'),
 (1347,196,362,'2000-06-03','2000-06-30'),
 (1348,221,400,'2015-09-11','2015-09-12'),
 (1349,15,9,'2004-08-13','2004-08-22'),
 (1350,215,252,'2009-11-07','2009-11-11'),
 (1351,47,324,'2001-03-25','2001-03-30'),
 (1352,176,538,'2007-08-12','2007-09-06'),
 (1353,122,262,'2002-06-07','2002-07-04'),
 (1354,68,17,'2016-05-20','2016-06-15'),
 (1355,38,457,'2016-09-15','2016-09-30'),
 (1356,192,172,'2011-01-26','2011-02-19'),
 (1357,38,206,'2006-09-01','2006-09-14'),
 (1358,178,595,'2017-01-09','2017-01-29'),
 (1359,83,205,'2012-05-29','2012-06-13'),
 (1360,59,7,'2005-07-23','2005-08-01'),
 (1361,76,434,'2017-03-29','2017-04-26'),
 (1362,4,331,'1997-09-06','1997-09-14'),
 (1363,18,557,'1998-08-08','1998-08-20'),
 (1364,77,567,'2017-12-15','2017-12-15'),
 (1365,110,480,'1998-01-15','1998-01-23'),
 (1366,159,124,'1996-04-02','1996-04-02'),
 (1367,116,48,'2013-06-30','2013-07-21'),
 (1368,91,115,'2013-07-06','2013-07-13'),
 (1369,199,281,'2001-11-17','2001-11-26'),
 (1370,5,154,'2018-04-30','2018-05-27'),
 (1371,34,536,'1991-04-27','1991-04-28'),
 (1372,31,95,'2001-10-18','2001-10-21'),
 (1373,224,372,'2015-09-25','2015-10-11'),
 (1374,66,66,'2000-09-22','2000-10-03'),
 (1375,165,363,'2012-11-05','2012-11-09'),
 (1376,179,97,'2006-05-12','2006-05-14'),
 (1377,91,140,'2013-07-06','2013-07-16'),
 (1378,184,184,'2012-01-16','2012-02-12'),
 (1379,96,344,'2014-03-22','2014-03-29'),
 (1380,149,397,'2014-08-14','2014-08-19'),
 (1381,170,78,'2011-11-26','2011-12-22'),
 (1382,28,373,'2017-08-20','2017-08-21'),
 (1383,104,11,'2007-01-12','2007-01-22'),
 (1384,117,256,'2018-06-23','2018-06-29'),
 (1385,30,113,'2016-10-24','2016-11-19'),
 (1386,81,523,'2015-06-18','2015-07-17'),
 (1387,80,267,'2012-09-13','2012-10-03'),
 (1388,104,205,'2007-01-12','2007-01-15'),
 (1389,198,75,'2013-05-10','2013-05-20'),
 (1390,151,475,'2012-12-10','2012-12-31'),
 (1391,1,14,'2008-07-04','2008-07-07'),
 (1392,0,119,'2008-02-20','2008-03-09'),
 (1393,180,217,'2011-01-30','2011-02-09'),
 (1394,11,318,'1996-08-08','1996-08-16'),
 (1395,28,250,'2017-08-20','2017-09-14'),
 (1396,23,348,'2003-09-24','2003-10-10'),
 (1397,97,159,'2014-10-08','2014-10-31'),
 (1398,115,514,'2016-03-18','2016-03-29'),
 (1399,227,98,'1997-09-22','1997-10-11'),
 (1400,29,261,'1992-06-11','1992-06-28'),
 (1401,36,300,'2000-11-24','2000-11-29'),
 (1402,115,43,'2016-03-18','2016-03-21'),
 (1403,68,416,'2016-05-20','2016-05-26'),
 (1404,163,505,'1994-08-18','1994-09-07'),
 (1405,236,315,'2015-11-19','2015-11-24'),
 (1406,5,489,'2013-06-16','2013-06-18'),
 (1407,21,431,'2004-03-18','2004-03-21'),
 (1408,134,57,'2011-01-25',NULL),
 (1409,103,20,'2007-04-29','2007-04-29'),
 (1410,2,522,'1999-08-09','1999-08-09'),
 (1411,22,335,'2007-11-18','2007-12-08'),
 (1412,120,38,'1999-10-25','1999-10-26'),
 (1413,242,334,'2013-05-09','2013-05-17'),
 (1414,249,611,'2008-11-06','2008-11-30'),
 (1415,77,359,'2017-12-15','2017-12-24'),
 (1416,229,561,'1991-06-21','1991-06-29'),
 (1417,40,68,'1990-12-11','1990-12-18'),
 (1418,203,62,'1996-03-20','1996-04-04'),
 (1419,36,274,'1992-03-16','1992-04-08'),
 (1420,21,113,'2004-03-18','2004-04-13'),
 (1421,1,503,'2008-07-04','2008-07-20'),
 (1422,170,172,'2011-11-26','2011-12-01'),
 (1423,52,334,'2013-05-09','2013-05-14'),
 (1424,41,556,'1991-11-19','1991-11-23'),
 (1425,90,312,'2009-08-09','2009-08-09'),
 (1426,160,519,'1990-12-18','1990-12-22'),
 (1427,14,573,'2013-07-10','2013-08-05'),
 (1428,113,318,'2017-03-21','2017-04-01'),
 (1429,244,585,'2004-07-06','2004-07-21'),
 (1430,16,207,'1997-05-08','1997-05-11'),
 (1431,126,144,'2001-10-14','2001-11-09'),
 (1432,180,349,'2011-01-30','2011-02-05'),
 (1433,222,349,'2010-11-04','2010-11-11'),
 (1434,109,609,'2009-04-21','2009-05-09'),
 (1435,152,23,'2003-10-08','2003-10-16'),
 (1436,169,549,'2017-01-01','2017-01-13'),
 (1437,83,53,'2012-05-29','2012-06-13'),
 (1438,143,339,'2010-03-05','2010-04-03'),
 (1439,231,193,'2017-03-12','2017-03-16'),
 (1440,43,626,'1994-07-26','1994-08-20'),
 (1441,57,171,'2012-12-25','2012-12-30'),
 (1442,105,628,'2009-10-23','2009-11-01'),
 (1443,189,604,'2011-11-27','2011-12-13'),
 (1444,222,192,'2018-02-08','2018-02-26'),
 (1445,128,475,'2017-03-04','2017-03-08'),
 (1446,206,126,'2017-02-04','2017-02-04'),
 (1447,195,227,'2017-07-11','2017-07-26'),
 (1448,243,237,'2014-05-01','2014-05-03'),
 (1449,121,300,'2009-10-25',NULL),
 (1450,26,103,'2004-07-16','2004-08-06'),
 (1451,209,492,'1999-08-02','1999-08-16'),
 (1452,123,262,'2009-11-05','2009-11-20'),
 (1453,184,117,'2012-01-16','2012-02-12'),
 (1454,192,19,'2011-01-26','2011-01-30'),
 (1455,243,510,'2000-11-23','2000-12-16'),
 (1456,93,76,'2011-10-10','2011-10-16'),
 (1457,172,224,'2003-05-31','2003-06-17'),
 (1458,248,75,'2006-01-21','2006-02-04'),
 (1459,174,31,'2014-04-02','2014-04-16'),
 (1460,235,296,'1995-12-18','1995-12-20'),
 (1461,193,117,'2006-12-18','2006-12-26'),
 (1462,211,39,'2015-11-11','2015-11-17'),
 (1463,182,476,'2004-12-26','2005-01-01'),
 (1464,42,82,'2007-01-15','2007-01-18'),
 (1465,164,203,'2017-12-24','2018-01-21'),
 (1466,99,287,'2004-12-19','2005-01-03'),
 (1467,78,584,'2010-12-13','2010-12-13'),
 (1468,58,542,'2013-10-16','2013-10-25'),
 (1469,159,619,'2017-06-19','2017-07-18'),
 (1470,80,309,'1995-11-25','1995-12-06'),
 (1471,132,277,'2017-02-22','2017-03-03'),
 (1472,114,37,'1997-04-04','1997-04-19'),
 (1473,176,24,'2011-07-19','2011-08-06'),
 (1474,7,222,'2017-08-24','2017-09-07'),
 (1475,159,404,'2002-12-04','2002-12-29'),
 (1476,144,260,'2016-09-05','2016-09-29'),
 (1477,46,180,'2009-02-27','2009-03-13'),
 (1478,53,360,'1990-03-21','1990-04-09'),
 (1479,150,259,'2012-12-30','2013-01-16'),
 (1480,171,71,'2015-06-19','2015-06-26'),
 (1481,155,96,'2006-06-28','2006-07-17'),
 (1482,243,489,'2000-11-23','2000-12-14'),
 (1483,170,613,'2011-11-26','2011-12-25'),
 (1484,36,18,'1992-03-16','1992-03-22'),
 (1485,133,90,'2015-12-07','2015-12-29'),
 (1486,152,36,'2004-07-27','2004-07-30'),
 (1487,85,83,'2009-12-30','2010-01-13'),
 (1488,136,266,'2017-10-09','2017-10-20'),
 (1489,170,191,'2011-11-26','2011-12-01'),
 (1490,34,134,'1998-02-14','1998-03-03'),
 (1491,213,572,'2002-07-25',NULL),
 (1492,166,354,'2006-04-12','2006-05-01'),
 (1493,19,98,'2001-07-05','2001-07-29'),
 (1494,58,14,'2013-10-16','2013-10-17'),
 (1495,164,314,'1999-11-10','1999-12-05'),
 (1496,203,247,'1996-03-20','1996-03-27'),
 (1497,206,558,'2017-02-04','2017-02-26'),
 (1498,167,566,'2012-11-25','2012-12-16'),
 (1499,152,277,'2017-02-22','2017-02-22'),
 (1500,199,514,'2004-07-02','2004-07-15'),
 (1501,215,223,'2009-11-07','2009-11-29'),
 (1502,178,121,'2017-01-09','2017-01-19'),
 (1503,129,306,'2017-09-05','2017-09-23'),
 (1504,175,405,'1992-07-02','1992-07-31'),
 (1505,124,585,'2015-02-13','2015-02-25'),
 (1506,161,382,'2002-09-28','2002-10-19'),
 (1507,54,635,'2017-07-29','2017-08-21'),
 (1508,238,263,'2013-10-11','2013-10-25'),
 (1509,38,427,'2006-09-01','2006-09-19'),
 (1510,174,398,'1990-03-26','1990-04-20'),
 (1511,179,160,'2006-05-12','2006-05-29'),
 (1512,61,409,'2015-10-14','2015-10-27'),
 (1513,32,86,'2012-07-22','2012-08-09'),
 (1514,245,610,'2006-06-13','2006-06-14'),
 (1515,52,504,'2006-06-17','2006-06-27'),
 (1516,149,295,'2009-10-04','2009-10-19'),
 (1517,146,350,'2003-10-09','2003-10-26'),
 (1518,71,485,'2017-10-05','2017-10-05'),
 (1519,61,85,'2015-10-14','2015-10-26'),
 (1520,176,501,'2012-04-16','2012-05-07'),
 (1521,27,554,'1998-12-15','1998-12-28'),
 (1522,47,244,'2010-04-05','2010-05-03'),
 (1523,79,178,'2017-08-20','2017-09-18'),
 (1524,160,500,'2003-12-27','2004-01-20'),
 (1525,46,556,'2009-02-27','2009-03-17'),
 (1526,197,445,'2011-04-19','2011-05-05'),
 (1527,99,76,'1998-11-16','1998-12-05'),
 (1528,230,155,'1994-02-13','1994-02-14'),
 (1529,6,479,'1990-09-21','1990-09-28'),
 (1530,166,496,'2007-12-31','2008-01-13'),
 (1531,14,311,'2013-07-10','2013-07-24'),
 (1532,85,401,'2009-12-30','2010-01-19'),
 (1533,13,268,'2003-10-21','2003-10-28'),
 (1534,156,500,'2003-12-27','2004-01-04'),
 (1535,141,626,'2001-09-13','2001-09-26'),
 (1536,61,146,'2015-10-14','2015-10-24'),
 (1537,216,431,'2004-08-18','2004-08-24'),
 (1538,149,447,'2009-10-04','2009-10-19'),
 (1539,1,24,'2011-07-19','2011-08-06'),
 (1540,132,238,'2004-10-16','2004-11-01'),
 (1541,219,503,'2017-10-04','2017-10-25'),
 (1542,129,273,'2017-09-05','2017-10-03'),
 (1543,148,19,'1996-08-25','1996-09-15'),
 (1544,12,498,'2007-04-08','2007-05-06'),
 (1545,135,527,'2010-12-07','2010-12-14'),
 (1546,43,359,'1994-07-26','1994-08-18'),
 (1547,227,583,'1997-09-22','1997-09-27'),
 (1548,133,598,'2007-08-11','2007-08-12'),
 (1549,33,588,'2010-10-26','2010-11-24'),
 (1550,140,365,'2011-04-12','2011-05-08'),
 (1551,203,308,'2018-07-02','2018-07-08'),
 (1552,159,150,'1999-04-23','1999-05-19'),
 (1553,127,606,'2006-07-26','2006-08-02'),
 (1554,93,148,'2011-10-10','2011-10-31'),
 (1555,25,311,'2003-06-09','2003-06-10'),
 (1556,37,14,'2005-10-09','2005-11-01'),
 (1557,88,574,'1998-09-02','1998-09-08'),
 (1558,132,476,'2004-10-16','2004-10-30'),
 (1559,30,602,'2016-10-24','2016-11-03'),
 (1560,103,293,'2006-01-03','2006-01-06'),
 (1561,243,168,'2000-11-23','2000-12-07'),
 (1562,0,362,'1994-04-27','1994-05-02'),
 (1563,175,108,'2005-02-26','2005-03-22'),
 (1564,197,631,'2011-04-19','2011-05-04'),
 (1565,101,272,'2002-07-04','2002-07-23'),
 (1566,243,590,'2000-11-23','2000-12-05'),
 (1567,104,346,'2007-01-12','2007-02-08'),
 (1568,222,450,'2010-11-04','2010-11-12'),
 (1569,177,146,'2003-05-04','2003-05-05'),
 (1570,48,10,'2013-06-25','2013-07-16'),
 (1571,124,606,'2015-02-13','2015-02-20'),
 (1572,214,413,'1994-12-27','1995-01-23'),
 (1573,223,220,'2010-03-06','2010-03-22'),
 (1574,95,186,'2015-09-11','2015-10-01'),
 (1575,90,79,'2009-08-09','2009-08-23'),
 (1576,206,403,'2017-02-04','2017-02-26'),
 (1577,141,229,'2001-09-13','2001-09-23'),
 (1578,60,507,'2012-10-02','2012-10-07'),
 (1579,48,199,'2013-06-25','2013-06-29'),
 (1580,156,302,'2018-08-01','2018-08-17'),
 (1581,26,291,'2004-07-16','2004-08-02'),
 (1582,66,569,'2002-02-15','2002-02-18'),
 (1583,213,203,'2017-12-24','2018-01-12'),
 (1584,128,325,'2017-03-04','2017-03-29'),
 (1585,22,15,'2007-11-18','2007-11-20'),
 (1586,52,567,'2006-06-17','2006-07-02'),
 (1587,104,420,'2013-05-11','2013-05-30'),
 (1588,122,20,'2007-04-29','2007-05-19'),
 (1589,38,121,'2006-09-01','2006-09-16'),
 (1590,176,150,'2007-08-12','2007-09-07'),
 (1591,39,312,'2012-11-13','2012-12-04'),
 (1592,235,431,'1995-12-18','1995-12-19'),
 (1593,169,166,'2017-01-01','2017-01-17'),
 (1594,75,205,'2013-04-17','2013-05-04'),
 (1595,49,118,'2015-04-27','2015-05-12'),
 (1596,233,630,'2012-10-11','2012-10-24'),
 (1597,93,39,'2015-11-11','2015-11-24'),
 (1598,140,629,'2011-04-12','2011-05-01'),
 (1599,40,23,'2003-10-08','2003-10-28'),
 (1600,23,117,'1996-01-27','1996-01-31'),
 (1601,73,23,'2003-10-08','2003-10-24'),
 (1602,152,53,'1996-08-24','1996-09-19'),
 (1603,40,398,'1990-06-01','1990-06-07'),
 (1604,148,322,'1996-08-25','1996-09-12'),
 (1605,19,376,'2001-07-05','2001-07-20'),
 (1606,166,335,'2005-06-05','2005-06-08'),
 (1607,7,122,'2018-04-22','2018-04-29'),
 (1608,151,399,'1999-04-29','1999-05-06'),
 (1609,206,243,'2017-02-04','2017-02-10'),
 (1610,177,379,'2003-05-04','2003-05-09'),
 (1611,154,46,'2006-10-08','2006-11-01'),
 (1612,99,162,'1998-11-16','1998-11-25'),
 (1613,25,34,'2012-09-01','2012-09-26'),
 (1614,84,171,'2012-12-25','2013-01-22'),
 (1615,188,12,'1994-07-14','1994-08-05'),
 (1616,201,101,'1999-02-16','1999-03-03'),
 (1617,247,567,'1992-06-14','1992-06-21'),
 (1618,90,476,'2009-08-09','2009-08-13'),
 (1619,49,20,'2015-04-27','2015-05-07'),
 (1620,93,503,'2011-10-10','2011-11-06'),
 (1621,1,428,'2008-07-04','2008-07-22'),
 (1622,0,347,'2013-07-31','2013-08-25'),
 (1623,95,610,'2012-11-27','2012-12-24'),
 (1624,240,471,'2007-06-29','2007-06-30'),
 (1625,112,189,'2015-08-13','2015-09-03'),
 (1626,75,521,'2013-04-17','2013-05-03'),
 (1627,119,173,'2008-11-04','2008-11-18'),
 (1628,61,593,'2015-10-14','2015-11-01'),
 (1629,228,353,'2010-05-23','2010-05-26'),
 (1630,47,366,'2002-05-25','2002-06-19'),
 (1631,161,210,'2002-09-28','2002-10-21'),
 (1632,190,456,'2005-08-22','2005-09-18'),
 (1633,59,307,'2012-09-26','2012-09-26'),
 (1634,98,586,'2004-09-02','2004-09-15'),
 (1635,162,200,'1993-10-19','1993-11-11'),
 (1636,91,117,'2013-07-06','2013-07-22'),
 (1637,83,445,'2012-05-29','2012-05-30'),
 (1638,200,155,'1990-02-18','1990-03-10'),
 (1639,15,119,'2008-02-20','2008-03-11'),
 (1640,65,181,'2017-11-27','2017-12-11'),
 (1641,142,168,'2009-10-29','2009-11-03'),
 (1642,116,76,'2009-04-06','2009-04-09'),
 (1643,6,375,'1990-09-21','1990-09-29'),
 (1644,198,420,'2013-05-11','2013-05-19'),
 (1645,228,523,'2015-06-12','2015-07-01'),
 (1646,99,14,'2002-11-18','2002-11-29'),
 (1647,173,358,'1996-07-10','1996-08-04'),
 (1648,86,90,'2015-12-07','2016-01-05'),
 (1649,236,281,'2015-11-19','2015-12-01'),
 (1650,63,241,'1999-04-26','1999-05-07'),
 (1651,186,612,'2013-07-06','2013-07-17'),
 (1652,130,625,'2014-12-01','2014-12-08'),
 (1653,36,320,'2001-06-01','2001-06-14'),
 (1654,211,157,'2011-05-09','2011-05-15'),
 (1655,81,153,'2015-06-18','2015-06-18'),
 (1656,23,498,'2007-01-12','2007-01-22'),
 (1657,40,148,'2001-05-28','2001-06-15'),
 (1658,189,609,'2006-02-21','2006-03-16'),
 (1659,226,562,'2014-03-08','2014-03-14'),
 (1660,175,132,'1992-07-02','1992-07-27'),
 (1661,168,214,'2015-11-19','2015-12-17'),
 (1662,68,29,'2016-05-20','2016-05-22'),
 (1663,90,186,'2015-09-11','2015-10-08'),
 (1664,68,85,'2016-05-20','2016-05-31'),
 (1665,247,73,'2007-01-25','2007-02-14'),
 (1666,31,400,'2001-10-18','2001-10-25'),
 (1667,86,336,'2003-11-08','2003-11-20'),
 (1668,143,438,'2010-03-05','2010-03-05'),
 (1669,126,44,'2018-07-19','2018-08-08'),
 (1670,105,76,'2005-06-13','2005-06-21'),
 (1671,10,85,'2004-09-14','2004-10-10'),
 (1672,43,307,'2012-09-26','2012-10-04'),
 (1673,28,200,'2017-08-20','2017-08-30'),
 (1674,203,582,'2009-10-29','2009-11-02'),
 (1675,183,90,'2015-12-23','2015-12-28'),
 (1676,34,450,'2009-09-27','2009-09-28'),
 (1677,215,552,'2009-11-07','2009-12-01'),
 (1678,20,386,'2010-03-31','2010-04-04'),
 (1679,35,222,'2017-08-24','2017-09-19'),
 (1680,156,364,'1998-03-13','1998-03-26'),
 (1681,219,104,'2017-10-04','2017-10-24'),
 (1682,178,632,'2017-01-09','2017-01-25'),
 (1683,227,9,'1997-09-22','1997-09-30'),
 (1684,87,147,'2004-01-19','2004-01-19'),
 (1685,142,439,'2009-10-29','2009-11-12'),
 (1686,4,256,'2018-06-23','2018-07-05'),
 (1687,108,50,'1992-04-04','1992-04-30'),
 (1688,25,462,'2003-06-09','2003-06-25'),
 (1689,45,506,'2017-01-14','2017-01-14'),
 (1690,17,165,'2004-06-13','2004-06-23'),
 (1691,167,497,'2017-12-30','2018-01-02'),
 (1692,136,380,'2006-05-17','2006-05-20'),
 (1693,112,15,'2015-08-13','2015-08-19'),
 (1694,98,187,'1990-07-21','1990-08-15'),
 (1695,249,136,'2005-07-20','2005-07-26'),
 (1696,172,441,'2003-05-31','2003-06-05'),
 (1697,233,495,'2014-01-31','2014-02-08'),
 (1698,81,409,'2015-06-18','2015-07-16'),
 (1699,235,330,'1995-12-18','1995-12-24'),
 (1700,72,127,'2012-12-17','2012-12-25'),
 (1701,180,381,'2011-01-30','2011-02-09'),
 (1702,147,111,'2008-02-29','2008-03-08'),
 (1703,126,151,'2014-02-14','2014-02-21'),
 (1704,123,251,'2009-11-05','2009-11-29'),
 (1705,26,173,'2004-07-16',NULL),
 (1706,57,456,'1992-03-01','1992-03-05'),
 (1707,164,441,'1999-11-10','1999-11-21'),
 (1708,109,289,'2009-04-21','2009-05-15'),
 (1709,208,15,'2012-02-23',NULL),
 (1710,187,466,'2008-11-22','2008-12-10'),
 (1711,30,116,'2016-10-24','2016-11-15'),
 (1712,190,35,'2005-08-22','2005-09-03'),
 (1713,4,27,'2003-09-05','2003-09-05'),
 (1714,160,449,'1990-12-18','1991-01-11'),
 (1715,103,211,'2006-01-03','2006-01-12'),
 (1716,90,472,'2009-08-09','2009-08-10'),
 (1717,186,507,'2013-07-06','2013-07-11'),
 (1718,145,181,'2016-01-26','2016-02-05'),
 (1719,86,14,'2003-11-08','2003-12-03'),
 (1720,198,31,'2014-04-02','2014-04-03'),
 (1721,61,420,'2015-10-14','2015-11-08'),
 (1722,237,233,'2016-10-16','2016-11-11'),
 (1723,52,564,'2006-06-17','2006-06-24'),
 (1724,9,274,'2013-03-07','2013-03-30'),
 (1725,73,538,'1997-05-11','1997-05-12'),
 (1726,73,588,'2010-10-26','2010-11-16'),
 (1727,104,549,'2007-01-12','2007-01-22'),
 (1728,133,272,'2007-08-11','2007-08-27'),
 (1729,58,365,'2013-10-16','2013-10-26'),
 (1730,137,67,'1998-04-23','1998-04-28'),
 (1731,5,568,'2013-06-16','2013-07-08'),
 (1732,102,396,'2008-03-07','2008-03-31'),
 (1733,106,497,'2017-12-30','2018-01-01'),
 (1734,190,341,'2005-08-22','2005-08-29'),
 (1735,203,543,'2015-11-09','2015-11-12'),
 (1736,106,6,'1995-10-06','1995-10-06'),
 (1737,85,576,'2009-12-30','2010-01-18'),
 (1738,192,108,'2011-01-26','2011-02-15'),
 (1739,21,305,'2004-03-18','2004-04-04'),
 (1740,135,211,'1998-10-03','1998-10-14'),
 (1741,158,386,'2007-04-25','2007-05-04'),
 (1742,95,398,'2012-11-27','2012-12-25'),
 (1743,213,535,'1998-10-28','1998-11-19'),
 (1744,57,350,'2003-10-09','2003-10-14'),
 (1745,148,68,'1996-08-25','1996-09-21'),
 (1746,136,472,'2006-05-17','2006-05-21'),
 (1747,118,249,'2003-03-11','2003-04-02'),
 (1748,225,558,'2013-03-09','2013-03-22'),
 (1749,128,207,'2017-03-04','2017-03-16'),
 (1750,172,424,'2005-03-03','2005-03-24'),
 (1751,192,182,'2018-02-03','2018-02-25'),
 (1752,17,349,'1993-06-29','1993-06-29'),
 (1753,196,562,'2000-06-03','2000-06-09'),
 (1754,84,444,'1995-10-10','1995-10-27'),
 (1755,117,285,'2011-01-13','2011-01-26'),
 (1756,203,322,'1996-03-20','1996-04-14'),
 (1757,69,398,'2007-06-26','2007-07-24'),
 (1758,128,353,'2017-03-04','2017-03-18'),
 (1759,70,383,'2014-01-22','2014-02-13'),
 (1760,97,2,'2001-02-10','2001-03-11'),
 (1761,230,28,'1997-10-19','1997-11-01'),
 (1762,55,84,'2014-03-05','2014-03-27'),
 (1763,158,260,'2016-09-05','2016-09-21'),
 (1764,179,168,'2006-05-12','2006-05-21'),
 (1765,170,26,'2011-11-26','2011-12-03'),
 (1766,241,199,'2015-07-13','2015-07-19'),
 (1767,31,87,'2001-10-18','2001-11-08'),
 (1768,88,469,'1990-07-04','1990-07-11'),
 (1769,71,281,'2014-06-27',NULL),
 (1770,117,578,'2011-01-13','2011-02-03'),
 (1771,7,295,'1991-10-03','1991-10-27'),
 (1772,218,563,'2016-12-12','2016-12-31'),
 (1773,118,34,'2012-09-01','2012-09-14'),
 (1774,138,564,'2009-04-03','2009-04-19'),
 (1775,107,434,'2017-03-29','2017-04-09'),
 (1776,158,367,'2007-04-25','2007-05-01'),
 (1777,46,479,'2009-02-27','2009-03-17'),
 (1778,208,292,'2012-02-23',NULL),
 (1779,170,29,'2016-02-23','2016-03-13'),
 (1780,177,297,'2013-02-28','2013-03-15'),
 (1781,246,365,'2003-07-24','2003-08-08'),
 (1782,124,388,'2015-02-13','2015-03-01'),
 (1783,154,562,'2006-10-08','2006-10-30'),
 (1784,123,273,'2009-11-05','2009-11-10'),
 (1785,240,47,'2007-06-29','2007-07-04'),
 (1786,59,362,'2005-07-23','2005-07-28'),
 (1787,56,593,'2016-08-02','2016-08-15'),
 (1788,103,400,'2006-01-03','2006-01-08'),
 (1789,91,373,'2013-07-06','2013-07-23'),
 (1790,154,487,'2006-10-08','2006-10-18'),
 (1791,141,484,'2001-09-13','2001-09-25'),
 (1792,38,92,'2017-11-20','2017-12-09'),
 (1793,11,73,'2007-01-25','2007-02-14'),
 (1794,226,248,'2014-03-08','2014-03-29'),
 (1795,30,536,'2016-10-24','2016-11-06'),
 (1796,179,575,'2006-05-12','2006-06-10'),
 (1797,242,426,'1994-11-17',NULL),
 (1798,248,204,'2006-01-21','2006-01-25'),
 (1799,221,284,'2015-09-11','2015-09-23'),
 (1800,219,279,'2017-10-04','2017-10-30'),
 (1801,122,358,'1990-10-07','1990-10-22'),
 (1802,185,612,'2015-06-02','2015-06-17'),
 (1803,3,526,'2011-01-22','2011-02-09'),
 (1804,79,395,'2017-08-20','2017-09-07'),
 (1805,239,398,'2010-10-02','2010-10-22'),
 (1806,214,234,'1994-12-27','1994-12-30'),
 (1807,223,401,'2010-03-06','2010-03-21'),
 (1808,221,615,'2015-09-11','2015-09-26'),
 (1809,2,81,'2009-07-06','2009-07-23'),
 (1810,227,227,'2010-03-11','2010-03-17'),
 (1811,112,165,'2015-08-13','2015-09-06'),
 (1812,87,215,'2004-01-19','2004-01-22'),
 (1813,232,92,'2017-11-20','2017-12-01'),
 (1814,176,387,'2007-08-12','2007-08-17'),
 (1815,168,633,'2004-10-18','2004-10-23'),
 (1816,158,479,'2007-04-25','2007-04-26'),
 (1817,151,633,'1993-09-11','1993-10-07'),
 (1818,61,583,'2015-10-14','2015-11-05'),
 (1819,10,472,'2004-09-14','2004-10-13'),
 (1820,189,342,'2006-02-21','2006-02-22'),
 (1821,218,278,'2006-05-17','2006-05-20'),
 (1822,100,271,'2007-11-07','2007-12-06'),
 (1823,54,223,'2017-07-29','2017-08-16'),
 (1824,105,130,'2005-06-13','2005-06-19'),
 (1825,163,469,'1994-08-18','1994-09-03'),
 (1826,108,285,'2003-09-10','2003-09-28'),
 (1827,75,355,'2013-04-17','2013-04-18'),
 (1828,86,394,'2003-11-08','2003-11-08'),
 (1829,173,437,'2006-01-13',NULL),
 (1830,22,310,'2007-11-18','2007-12-09'),
 (1831,129,291,'2017-09-05','2017-09-08'),
 (1832,148,95,'1996-08-25','1996-09-08'),
 (1833,9,543,'2015-11-09','2015-11-28'),
 (1834,171,431,'2015-06-19','2015-07-12'),
 (1835,131,156,'2008-10-25','2008-11-03'),
 (1836,125,52,'2017-08-14','2017-08-30'),
 (1837,188,539,'2007-06-15','2007-07-12'),
 (1838,233,573,'2012-10-11','2012-11-08'),
 (1839,75,132,'2013-04-17','2013-04-23'),
 (1840,196,323,'2000-06-03','2000-06-22'),
 (1841,20,445,'2010-03-31','2010-04-07'),
 (1842,205,402,'1991-12-28','1992-01-17'),
 (1843,59,186,'2015-09-11','2015-10-06'),
 (1844,174,117,'1990-03-26','1990-03-29'),
 (1845,232,42,'1998-12-28','1999-01-07'),
 (1846,177,385,'2003-05-04',NULL),
 (1847,31,278,'2001-10-18','2001-11-02'),
 (1848,155,190,'2008-05-25','2008-05-26'),
 (1849,122,226,'1990-10-07','1990-10-23'),
 (1850,80,608,'1995-11-25','1995-12-09'),
 (1851,112,41,'2015-08-13','2015-08-18'),
 (1852,83,197,'2012-05-29','2012-06-23'),
 (1853,71,592,'2014-06-27','2014-07-23'),
 (1854,175,384,'1992-07-02','1992-07-20'),
 (1855,128,351,'2017-03-04','2017-04-01'),
 (1856,2,370,'1999-08-09','1999-08-17'),
 (1857,12,543,'2015-11-09','2015-11-11'),
 (1858,41,210,'2001-02-27','2001-03-20'),
 (1859,22,20,'2007-11-18','2007-12-04'),
 (1860,94,436,'2012-04-23','2012-05-08'),
 (1861,61,91,'2015-10-14','2015-11-03'),
 (1862,247,286,'2016-06-03','2016-06-03'),
 (1863,169,384,'2017-01-01','2017-01-27'),
 (1864,151,529,'1993-09-11','1993-10-08'),
 (1865,0,563,'2016-12-12','2016-12-20'),
 (1866,84,453,'1995-05-02','1995-05-27'),
 (1867,68,82,'2016-05-20','2016-05-22'),
 (1868,76,53,'2011-04-23','2011-05-10'),
 (1869,155,17,'2006-06-28','2006-07-13'),
 (1870,238,313,'2013-10-11','2013-11-06'),
 (1871,101,438,'2002-07-04','2002-07-22'),
 (1872,66,126,'2015-02-17','2015-03-09'),
 (1873,182,524,'2004-12-26','2005-01-09'),
 (1874,212,416,'1998-10-14','1998-10-24'),
 (1875,227,135,'2015-07-03','2015-07-10'),
 (1876,109,569,'2009-04-21','2009-05-16'),
 (1877,111,218,'2015-04-29','2015-05-13'),
 (1878,53,362,'1990-10-21','1990-11-15'),
 (1879,155,580,'2009-10-08','2009-10-26'),
 (1880,73,458,'1997-05-11','1997-05-19'),
 (1881,197,3,'2017-03-02','2017-03-25'),
 (1882,230,12,'1994-02-13','1994-02-20'),
 (1883,21,490,'2004-03-18','2004-04-01'),
 (1884,89,476,'1991-03-11','1991-04-05'),
 (1885,126,130,'2001-10-14','2001-11-09'),
 (1886,133,338,'2018-04-23','2018-05-14'),
 (1887,38,459,'2006-09-01','2006-09-15'),
 (1888,123,310,'2009-11-05','2009-11-20'),
 (1889,1,190,'2008-07-04','2008-07-28'),
 (1890,123,153,'2009-11-05','2009-11-06'),
 (1891,150,277,'2017-02-22','2017-03-09'),
 (1892,86,417,'2006-01-12','2006-01-15'),
 (1893,131,239,'2001-07-09','2001-08-02'),
 (1894,218,602,'2006-05-17','2006-05-21'),
 (1895,56,489,'2016-08-02','2016-08-31'),
 (1896,92,9,'2016-05-06','2016-06-02'),
 (1897,185,82,'2015-06-02','2015-06-13'),
 (1898,78,191,'2010-12-13','2011-01-11'),
 (1899,203,302,'2018-08-01','2018-08-15'),
 (1900,71,339,'2014-06-27','2014-07-02'),
 (1901,165,183,'1999-08-25','1999-09-20'),
 (1902,38,114,'2006-09-01','2006-09-05'),
 (1903,91,602,'2013-07-06','2013-07-28'),
 (1904,243,167,'2000-11-23','2000-12-09'),
 (1905,225,613,'2012-09-23','2012-10-10'),
 (1906,247,208,'1992-06-14','1992-06-28'),
 (1907,132,316,'2004-10-16','2004-10-16'),
 (1908,102,195,'2013-09-11','2013-09-14'),
 (1909,68,228,'2016-05-20','2016-05-31'),
 (1910,109,365,'2009-04-21','2009-04-28'),
 (1911,38,543,'2015-11-09','2015-11-14'),
 (1912,142,534,'2009-10-29','2009-10-29'),
 (1913,29,293,'2000-02-14','2000-02-27'),
 (1914,171,135,'2015-07-03','2015-07-24'),
 (1915,127,63,'2006-07-26','2006-08-14'),
 (1916,230,196,'1994-02-13','1994-02-15'),
 (1917,95,368,'2012-11-27','2012-12-08'),
 (1918,32,624,'2012-07-22','2012-07-24'),
 (1919,160,446,'1990-12-18','1991-01-05'),
 (1920,31,268,'2001-10-18','2001-10-27'),
 (1921,156,405,'1998-03-13','1998-03-15'),
 (1922,248,587,'2006-01-21','2006-01-25'),
 (1923,76,150,'2011-04-23','2011-05-11'),
 (1924,223,327,'2010-03-06','2010-03-20'),
 (1925,6,45,'1999-02-13','1999-02-18'),
 (1926,1,504,'2008-07-04','2008-07-15'),
 (1927,245,455,'2012-09-24','2012-10-19'),
 (1928,166,97,'2005-06-05','2005-06-13'),
 (1929,48,636,'2013-06-25','2013-07-04'),
 (1930,184,172,'2012-01-16','2012-02-03'),
 (1931,169,622,'2017-01-01','2017-01-20'),
 (1932,51,141,'2017-11-06','2017-11-16'),
 (1933,60,81,'2012-10-02','2012-10-23'),
 (1934,5,451,'2013-06-16','2013-07-13'),
 (1935,63,277,'2017-02-22','2017-03-08'),
 (1936,215,288,'2009-11-07','2009-11-21'),
 (1937,136,86,'2006-05-17','2006-06-05'),
 (1938,33,436,'2006-06-17','2006-06-18'),
 (1939,104,104,'2007-01-12','2007-01-17'),
 (1940,109,373,'2009-04-21','2009-05-02'),
 (1941,102,419,'2008-03-07','2008-04-01'),
 (1942,137,562,'1998-04-23','1998-04-29'),
 (1943,13,598,'2003-10-21','2003-10-28'),
 (1944,15,47,'2004-08-13','2004-08-31'),
 (1945,87,563,'2016-12-12','2016-12-17'),
 (1946,193,323,'2006-12-18','2006-12-22'),
 (1947,69,428,'2007-06-26','2007-07-04'),
 (1948,24,217,'2008-09-17',NULL),
 (1949,180,48,'2013-06-30','2013-06-30'),
 (1950,44,65,'1992-10-24',NULL),
 (1951,32,349,'2012-07-22','2012-08-13'),
 (1952,207,7,'2007-10-01','2007-10-10'),
 (1953,201,50,'1999-02-16','1999-02-17'),
 (1954,54,506,'2017-07-29','2017-08-10'),
 (1955,9,317,'2013-03-07','2013-03-21'),
 (1956,229,37,'1991-06-21','1991-07-03'),
 (1957,5,421,'2013-06-16','2013-07-15'),
 (1958,194,90,'2017-05-11','2017-05-15'),
 (1959,14,411,'2013-07-10','2013-07-10'),
 (1960,166,249,'2005-06-05','2005-06-11'),
 (1961,241,135,'2015-07-13','2015-07-16'),
 (1962,31,445,'2001-10-18','2001-11-10'),
 (1963,237,230,'2016-10-16','2016-11-14'),
 (1964,101,170,'2002-07-04','2002-07-30'),
 (1965,185,425,'2015-06-02','2015-06-05'),
 (1966,80,443,'1995-11-25','1995-12-23'),
 (1967,119,337,'2008-11-04','2008-12-03'),
 (1968,196,100,'2000-06-03','2000-06-08'),
 (1969,94,424,'2012-04-23','2012-04-23'),
 (1970,187,282,'2008-11-22','2008-12-08'),
 (1971,83,71,'2012-05-29','2012-06-09'),
 (1972,112,541,'2015-08-13','2015-09-01'),
 (1973,72,543,'2015-11-09','2015-11-15'),
 (1974,56,564,'2016-08-02','2016-08-04'),
 (1975,168,530,'2004-10-18','2004-11-14'),
 (1976,220,256,'2018-06-23','2018-07-06'),
 (1977,240,503,'2007-06-29','2007-07-26'),
 (1978,10,163,'2017-09-08','2017-10-05'),
 (1979,36,313,'2011-10-17','2011-11-15'),
 (1980,130,333,'2014-12-01','2014-12-04'),
 (1981,33,347,'2013-07-31','2013-08-06'),
 (1982,166,181,'2016-01-26','2016-01-29'),
 (1983,28,116,'2017-08-20',NULL),
 (1984,44,133,'2017-06-10','2017-06-21'),
 (1985,103,309,'2006-01-03',NULL),
 (1986,102,633,'2008-03-07','2008-03-09'),
 (1987,120,310,'1999-10-25','1999-11-09'),
 (1988,248,185,'2006-01-21','2006-02-10'),
 (1989,174,623,'1990-03-26','1990-04-16'),
 (1990,14,479,'2013-07-10','2013-07-16'),
 (1991,36,211,'1995-05-18','1995-06-10'),
 (1992,89,547,'1991-03-11','1991-03-24'),
 (1993,183,274,'2015-12-23','2016-01-03'),
 (1994,67,256,'2018-06-23','2018-07-22'),
 (1995,182,414,'2004-12-26','2005-01-12'),
 (1996,127,230,'2006-07-26','2006-08-14'),
 (1997,118,356,'1998-06-26','1998-07-12'),
 (1998,212,11,'1998-10-14','1998-11-03'),
 (1999,173,547,'1996-07-10','1996-07-22');
INSERT INTO "books" ("ID","title_id","registration_date") VALUES (1,1,'2002-01-30'),
 (2,1,'1986-03-26'),
 (3,1,'2017-03-02'),
 (4,1,'2006-05-01'),
 (5,1,'2018-08-04'),
 (6,1,'1995-10-06'),
 (7,1,'1972-06-30'),
 (8,1,'2006-05-27'),
 (9,1,'1973-06-16'),
 (10,1,'1988-05-20'),
 (11,1,'1996-10-16'),
 (12,1,'1986-03-20'),
 (13,1,'2004-11-01'),
 (14,1,'2002-11-18'),
 (15,1,'1979-06-17'),
 (16,1,'1980-04-18'),
 (17,1,'1987-01-13'),
 (18,1,'1986-02-01'),
 (19,1,'1981-02-21'),
 (20,2,'2007-04-29'),
 (21,3,'2001-12-24'),
 (22,3,'2005-10-17'),
 (23,3,'2003-10-08'),
 (24,4,'2011-07-19'),
 (25,4,'1994-07-07'),
 (26,4,'1998-12-12'),
 (27,4,'2003-09-05'),
 (28,4,'1997-10-19'),
 (29,4,'2016-02-23'),
 (30,4,'1994-11-04'),
 (31,4,'2014-04-02'),
 (32,4,'2000-05-08'),
 (33,4,'1979-02-21'),
 (34,4,'2012-09-01'),
 (35,5,'1989-04-24'),
 (36,5,'2004-07-27'),
 (37,5,'1980-05-19'),
 (38,5,'1970-03-29'),
 (39,5,'2015-11-11'),
 (40,5,'1984-08-28'),
 (41,6,'1982-12-13'),
 (42,6,'1972-04-10'),
 (43,6,'1973-10-22'),
 (44,6,'2018-07-19'),
 (45,6,'1999-02-13'),
 (46,6,'1997-03-14'),
 (47,6,'1998-12-05'),
 (48,7,'2013-06-30'),
 (49,7,'1980-10-16'),
 (50,7,'1979-02-16'),
 (51,7,'1977-10-15'),
 (52,7,'2012-05-01'),
 (53,7,'1980-11-05'),
 (54,7,'1995-05-04'),
 (55,7,'2009-06-11'),
 (56,7,'2001-06-28'),
 (57,7,'1994-05-05'),
 (58,7,'2015-12-13'),
 (59,7,'1990-09-19'),
 (60,7,'1984-03-10'),
 (61,7,'1980-10-24'),
 (62,7,'1984-10-31'),
 (63,7,'1976-06-12'),
 (64,7,'2010-07-19'),
 (65,7,'1986-08-08'),
 (66,7,'2000-09-22'),
 (67,7,'1990-01-05'),
 (68,7,'1990-12-11'),
 (69,7,'2013-09-16'),
 (70,7,'1986-11-11'),
 (71,7,'1976-09-05'),
 (72,7,'2018-10-12'),
 (73,7,'2007-01-25'),
 (74,8,'2001-05-19'),
 (75,8,'1991-12-21'),
 (76,8,'1985-12-31'),
 (77,9,'1983-07-13'),
 (78,9,'2006-11-22'),
 (79,9,'1983-10-19'),
 (80,9,'1989-06-19'),
 (81,9,'2009-07-06'),
 (82,9,'1971-11-21'),
 (83,9,'1993-07-04'),
 (84,9,'1979-07-15'),
 (85,9,'1991-01-29'),
 (86,9,'1981-12-11'),
 (87,9,'1989-05-16'),
 (88,9,'2007-01-21'),
 (89,9,'1997-10-22'),
 (90,9,'2015-12-07'),
 (91,9,'1975-04-26'),
 (92,9,'2017-11-20'),
 (93,9,'1972-10-18'),
 (94,9,'2012-08-23'),
 (95,9,'1972-01-27'),
 (96,9,'1991-07-20'),
 (97,9,'1996-05-10'),
 (98,9,'1988-05-19'),
 (99,9,'2006-10-22'),
 (100,9,'1970-10-10'),
 (101,9,'1987-05-16'),
 (102,9,'1981-09-15'),
 (103,9,'1977-06-16'),
 (104,9,'1985-02-03'),
 (105,10,'1992-03-08'),
 (106,10,'1995-10-23'),
 (107,10,'1991-08-05'),
 (108,10,'2005-02-26'),
 (109,10,'1998-11-25'),
 (110,10,'1973-07-18'),
 (111,10,'1996-11-16'),
 (112,10,'2008-11-11'),
 (113,10,'1974-09-04'),
 (114,10,'1974-08-08'),
 (115,10,'2000-10-08'),
 (116,10,'1977-01-21'),
 (117,10,'1976-04-01'),
 (118,10,'1986-01-27'),
 (119,10,'2008-02-20'),
 (120,10,'1982-05-24'),
 (121,10,'1999-05-19'),
 (122,10,'2018-04-22'),
 (123,10,'1999-02-03'),
 (124,10,'1996-04-02'),
 (125,10,'1996-09-20'),
 (126,10,'2015-02-17'),
 (127,10,'1998-11-22'),
 (128,10,'1989-10-28'),
 (129,10,'2003-10-02'),
 (130,10,'1979-06-02'),
 (131,11,'1972-03-11'),
 (132,11,'1974-01-04'),
 (133,11,'2017-06-10'),
 (134,11,'1998-02-14'),
 (135,11,'2015-07-03'),
 (136,11,'1979-04-03'),
 (137,11,'1980-02-05'),
 (138,11,'1995-08-26'),
 (139,11,'1982-04-04'),
 (140,11,'2007-08-28'),
 (141,11,'2017-11-06'),
 (142,11,'1991-11-26'),
 (143,11,'1991-11-23'),
 (144,11,'1991-06-18'),
 (145,11,'1983-08-10'),
 (146,11,'1995-12-11'),
 (147,11,'2000-02-29'),
 (148,11,'2001-05-28'),
 (149,11,'2002-01-03'),
 (150,11,'1999-04-23'),
 (151,12,'2014-02-14'),
 (152,12,'1983-07-28'),
 (153,12,'2006-07-19'),
 (154,12,'2018-04-30'),
 (155,12,'1976-06-08'),
 (156,12,'2008-10-25'),
 (157,12,'2011-05-09'),
 (158,12,'1973-06-24'),
 (159,12,'2014-10-08'),
 (160,12,'1979-11-16'),
 (161,12,'1970-03-09'),
 (162,12,'1980-08-03'),
 (163,12,'2017-09-08'),
 (164,12,'1991-11-11'),
 (165,12,'2004-06-13'),
 (166,12,'1973-12-04'),
 (167,13,'1970-05-10'),
 (168,13,'1985-04-01'),
 (169,13,'2017-04-02'),
 (170,13,'1970-09-11'),
 (171,13,'2012-12-25'),
 (172,13,'1999-10-21'),
 (173,13,'1994-03-24'),
 (174,13,'1978-08-24'),
 (175,13,'2014-07-17'),
 (176,13,'1975-11-17'),
 (177,13,'1977-11-23'),
 (178,13,'1985-11-22'),
 (179,13,'2015-11-21'),
 (180,13,'1988-04-21'),
 (181,13,'2016-01-26'),
 (182,13,'2018-02-03'),
 (183,13,'1971-06-24'),
 (184,13,'1980-05-22'),
 (185,13,'1985-03-25'),
 (186,13,'2015-09-11'),
 (187,13,'1980-09-02'),
 (188,13,'1973-06-22'),
 (189,13,'1992-12-25'),
 (190,13,'2008-05-25'),
 (191,14,'1975-05-07'),
 (192,14,'2018-02-08'),
 (193,14,'2006-10-21'),
 (194,14,'2000-11-03'),
 (195,14,'2013-09-11'),
 (196,14,'1978-02-09'),
 (197,14,'1979-05-19'),
 (198,14,'2004-05-10'),
 (199,14,'2004-03-05'),
 (200,14,'1980-02-18'),
 (201,14,'1979-08-14'),
 (202,14,'2018-11-22'),
 (203,14,'2017-12-24'),
 (204,14,'1996-06-07'),
 (205,14,'1995-07-12'),
 (206,14,'1977-08-01'),
 (207,14,'1997-05-08'),
 (208,14,'1980-06-23'),
 (209,14,'2017-09-14'),
 (210,14,'2001-02-27'),
 (211,14,'1995-05-18'),
 (212,14,'1975-06-03'),
 (213,14,'1988-03-25'),
 (214,15,'2015-11-19'),
 (215,15,'1979-08-16'),
 (216,15,'1974-02-17'),
 (217,15,'2008-09-17'),
 (218,15,'1994-09-30'),
 (219,15,'2016-10-16'),
 (220,15,'1980-03-21'),
 (221,15,'1978-04-16'),
 (222,15,'2017-08-24'),
 (223,15,'1974-12-28'),
 (224,15,'1993-01-24'),
 (225,15,'2006-09-17'),
 (226,15,'1976-08-06'),
 (227,15,'2010-03-11'),
 (228,15,'2014-06-24'),
 (229,15,'1976-09-29'),
 (230,15,'1996-08-18'),
 (231,15,'2014-11-25'),
 (232,15,'2012-01-24'),
 (233,15,'2003-07-13'),
 (234,15,'1980-02-18'),
 (235,15,'1982-02-14'),
 (236,16,'2004-05-23'),
 (237,16,'2014-05-01'),
 (238,16,'1984-09-09'),
 (239,16,'2001-07-09'),
 (240,16,'1975-05-18'),
 (241,16,'1974-01-19'),
 (242,16,'2000-06-21'),
 (243,16,'1992-01-30'),
 (244,16,'2010-04-05'),
 (245,16,'2002-09-28'),
 (246,16,'2018-06-07'),
 (247,16,'1982-09-10'),
 (248,16,'1991-04-11'),
 (249,16,'2003-03-11'),
 (250,16,'2009-06-10'),
 (251,16,'1996-09-30'),
 (252,17,'1991-11-15'),
 (253,17,'1992-02-22'),
 (254,17,'2011-03-07'),
 (255,17,'1978-06-27'),
 (256,17,'2018-06-23'),
 (257,18,'2001-06-27'),
 (258,18,'1993-04-15'),
 (259,18,'2012-12-30'),
 (260,18,'2016-09-05'),
 (261,18,'1975-02-12'),
 (262,18,'2002-06-07'),
 (263,18,'1978-01-18'),
 (264,18,'1989-07-19'),
 (265,18,'1980-06-18'),
 (266,18,'2017-10-09'),
 (267,18,'2012-09-13'),
 (268,18,'1979-12-28'),
 (269,18,'1970-09-20'),
 (270,18,'1992-01-26'),
 (271,18,'1983-08-20'),
 (272,18,'1994-07-24'),
 (273,18,'1972-11-21'),
 (274,18,'1992-02-10'),
 (275,18,'2004-09-06'),
 (276,18,'1995-07-02'),
 (277,19,'2017-02-22'),
 (278,19,'1996-02-16'),
 (279,19,'1997-10-25'),
 (280,19,'2013-09-20'),
 (281,19,'2001-11-17'),
 (282,19,'2001-07-08'),
 (283,19,'2017-05-19'),
 (284,19,'1977-10-02'),
 (285,20,'2003-09-10'),
 (286,20,'2016-06-03'),
 (287,20,'2004-12-19'),
 (288,20,'2000-08-11'),
 (289,20,'1991-05-22'),
 (290,20,'1978-04-11'),
 (291,20,'1988-01-25'),
 (292,20,'2004-01-20'),
 (293,20,'2000-02-14'),
 (294,20,'2009-02-21'),
 (295,20,'1988-04-03'),
 (296,20,'1995-08-15'),
 (297,20,'2013-02-28'),
 (298,20,'1975-03-23'),
 (299,20,'1982-04-04'),
 (300,20,'2000-11-24'),
 (301,20,'1974-06-28'),
 (302,20,'2018-08-01'),
 (303,21,'1999-11-03'),
 (304,21,'1975-04-09'),
 (305,21,'1996-09-14'),
 (306,21,'1977-09-23'),
 (307,21,'2012-09-26'),
 (308,21,'2018-07-02'),
 (309,21,'1988-03-01'),
 (310,21,'1987-01-16'),
 (311,21,'2002-11-29'),
 (312,21,'1979-06-05'),
 (313,21,'2011-10-17'),
 (314,22,'1980-08-19'),
 (315,22,'1980-08-30'),
 (316,22,'1995-06-29'),
 (317,22,'1999-05-31'),
 (318,22,'1991-02-14'),
 (319,22,'1993-10-08'),
 (320,22,'2001-06-01'),
 (321,22,'1988-07-10'),
 (322,22,'1982-04-20'),
 (323,22,'1979-01-10'),
 (324,22,'1972-04-07'),
 (325,22,'2013-03-11'),
 (326,22,'1985-08-05'),
 (327,22,'1987-12-08'),
 (328,22,'1997-06-25'),
 (329,22,'2000-06-15'),
 (330,22,'1980-09-28'),
 (331,22,'1997-09-06'),
 (332,22,'1977-11-09'),
 (333,22,'1974-04-06'),
 (334,22,'2013-05-09'),
 (335,22,'2003-08-01'),
 (336,22,'1994-10-27'),
 (337,22,'1976-10-18'),
 (338,22,'2018-04-23'),
 (339,22,'1994-08-27'),
 (340,22,'2017-05-01'),
 (341,22,'1990-11-24'),
 (342,22,'1990-12-30'),
 (343,23,'1977-07-12'),
 (344,23,'1989-10-17'),
 (345,23,'2005-07-26'),
 (346,23,'1983-01-13'),
 (347,23,'2013-07-31'),
 (348,23,'2003-09-24'),
 (349,23,'1993-06-29'),
 (350,23,'2003-10-09'),
 (351,23,'2004-07-11'),
 (352,23,'2008-11-26'),
 (353,23,'2000-05-13'),
 (354,23,'2006-04-12'),
 (355,23,'1985-05-31'),
 (356,23,'1998-06-26'),
 (357,23,'1979-05-29'),
 (358,23,'1988-09-30'),
 (359,23,'1992-05-31'),
 (360,23,'1977-06-07'),
 (361,23,'1982-08-12'),
 (362,23,'1990-10-21'),
 (363,23,'2012-11-05'),
 (364,24,'1988-02-13'),
 (365,24,'2003-07-24'),
 (366,24,'2002-05-25'),
 (367,24,'1996-09-25'),
 (368,24,'1971-10-11'),
 (369,24,'1980-08-23'),
 (370,24,'1991-07-27'),
 (371,24,'2010-02-27'),
 (372,24,'2015-09-25'),
 (373,24,'1992-02-05'),
 (374,24,'1997-11-29'),
 (375,24,'1975-04-13'),
 (376,24,'1996-10-27'),
 (377,24,'1982-01-25'),
 (378,25,'1982-09-19'),
 (379,25,'2002-04-29'),
 (380,25,'1987-12-03'),
 (381,25,'1979-11-15'),
 (382,26,'1974-08-12'),
 (383,26,'2014-01-22'),
 (384,26,'1988-09-13'),
 (385,26,'1986-12-20'),
 (386,26,'2003-03-04'),
 (387,26,'1986-12-22'),
 (388,26,'1982-05-21'),
 (389,26,'1973-11-30'),
 (390,26,'1977-04-04'),
 (391,26,'1984-02-04'),
 (392,26,'2012-06-29'),
 (393,26,'1976-07-10'),
 (394,26,'1993-12-09'),
 (395,26,'1974-05-26'),
 (396,26,'1994-06-14'),
 (397,26,'2014-08-14'),
 (398,26,'1981-07-07'),
 (399,26,'1999-04-29'),
 (400,26,'1990-01-31'),
 (401,26,'1983-04-01'),
 (402,27,'1972-05-05'),
 (403,27,'1978-07-12'),
 (404,27,'2002-12-04'),
 (405,27,'1970-10-27'),
 (406,27,'2008-10-03'),
 (407,27,'2013-01-24'),
 (408,27,'2015-04-15'),
 (409,27,'1987-02-02'),
 (410,27,'1994-10-29'),
 (411,27,'2001-01-18'),
 (412,27,'1990-01-05'),
 (413,27,'1972-10-03'),
 (414,27,'1995-01-30'),
 (415,28,'1992-12-01'),
 (416,28,'1983-12-12'),
 (417,28,'2006-01-12'),
 (418,28,'1985-11-23'),
 (419,28,'1976-12-14'),
 (420,28,'2013-05-11'),
 (421,28,'1989-07-29'),
 (422,28,'1987-01-08'),
 (423,28,'1982-10-01'),
 (424,28,'2005-03-03'),
 (425,28,'2009-12-31'),
 (426,28,'1981-06-10'),
 (427,28,'1972-09-22'),
 (428,28,'1971-08-10'),
 (429,28,'1979-05-18'),
 (430,28,'1976-03-06'),
 (431,28,'1989-07-15'),
 (432,28,'1996-03-13'),
 (433,28,'1985-02-26'),
 (434,28,'2017-03-29'),
 (435,28,'1976-08-19'),
 (436,28,'1970-01-28'),
 (437,29,'2006-01-13'),
 (438,29,'1970-12-20'),
 (439,29,'1992-05-22'),
 (440,29,'1975-11-02'),
 (441,29,'1991-03-06'),
 (442,29,'1987-07-06'),
 (443,29,'1975-06-10'),
 (444,29,'1995-10-10'),
 (445,29,'1981-10-16'),
 (446,29,'1971-03-29'),
 (447,29,'1987-08-04'),
 (448,29,'2015-11-06'),
 (449,30,'1973-03-29'),
 (450,30,'2009-09-27'),
 (451,30,'1971-08-15'),
 (452,30,'1986-09-02'),
 (453,30,'1974-02-19'),
 (454,31,'1979-04-23'),
 (455,31,'2012-09-24'),
 (456,31,'1972-07-27'),
 (457,31,'2016-09-15'),
 (458,31,'1983-07-07'),
 (459,31,'2001-06-19'),
 (460,31,'1979-09-07'),
 (461,31,'1976-04-14'),
 (462,31,'1988-12-19'),
 (463,31,'1981-12-09'),
 (464,31,'2006-02-08'),
 (465,31,'1983-04-25'),
 (466,32,'1987-03-16'),
 (467,32,'1983-04-10'),
 (468,32,'1991-07-16'),
 (469,32,'1982-03-14'),
 (470,32,'1977-11-08'),
 (471,32,'1999-09-05'),
 (472,32,'1980-04-16'),
 (473,32,'1988-03-21'),
 (474,32,'1972-06-21'),
 (475,32,'2012-12-10'),
 (476,33,'1988-12-18'),
 (477,33,'1994-10-23'),
 (478,33,'1996-02-20'),
 (479,33,'1986-12-22'),
 (480,33,'1987-07-20'),
 (481,33,'1978-01-13'),
 (482,33,'1979-12-01'),
 (483,33,'2006-06-25'),
 (484,33,'1976-08-09'),
 (485,33,'2017-10-05'),
 (486,33,'2003-11-07'),
 (487,33,'1977-10-09'),
 (488,33,'2009-07-16'),
 (489,33,'1978-10-11'),
 (490,33,'1988-05-28'),
 (491,33,'1990-12-21'),
 (492,33,'1999-04-20'),
 (493,33,'2014-02-08'),
 (494,34,'1994-11-10'),
 (495,34,'2014-01-31'),
 (496,34,'2007-12-31'),
 (497,34,'2017-12-30'),
 (498,34,'2007-01-12'),
 (499,34,'2003-04-28'),
 (500,34,'2003-12-27'),
 (501,34,'2012-04-16'),
 (502,35,'1995-12-09'),
 (503,35,'1975-12-10'),
 (504,35,'2002-08-25'),
 (505,35,'1993-09-08'),
 (506,35,'1978-05-01'),
 (507,35,'1995-11-01'),
 (508,35,'1986-01-04'),
 (509,35,'1988-03-23'),
 (510,35,'1981-10-13'),
 (511,35,'1993-04-01'),
 (512,35,'1978-09-06'),
 (513,35,'1974-08-22'),
 (514,35,'2004-07-02'),
 (515,35,'1974-05-12'),
 (516,35,'2006-06-16'),
 (517,35,'2007-08-08'),
 (518,35,'1993-07-18'),
 (519,35,'1984-12-03'),
 (520,35,'2001-01-07'),
 (521,35,'2006-05-22'),
 (522,35,'1984-07-25'),
 (523,35,'2015-06-12'),
 (524,35,'1992-09-15'),
 (525,35,'1994-01-03'),
 (526,35,'1985-06-09'),
 (527,35,'2010-12-07'),
 (528,36,'1996-12-27'),
 (529,36,'1981-02-04'),
 (530,36,'1988-10-07'),
 (531,36,'1971-05-17'),
 (532,36,'2006-02-01'),
 (533,36,'2000-12-09'),
 (534,36,'1979-01-01'),
 (535,36,'1986-01-14'),
 (536,36,'1988-07-16'),
 (537,36,'1974-10-07'),
 (538,36,'1997-01-24'),
 (539,36,'2007-06-15'),
 (540,36,'1972-03-28'),
 (541,36,'1979-02-07'),
 (542,36,'1994-07-09'),
 (543,36,'2015-11-09'),
 (544,36,'1970-05-17'),
 (545,36,'1976-05-04'),
 (546,36,'1984-09-14'),
 (547,36,'1975-07-24'),
 (548,36,'1991-09-18'),
 (549,36,'2006-06-30'),
 (550,36,'1988-02-12'),
 (551,36,'2006-10-09'),
 (552,36,'1979-02-23'),
 (553,37,'1980-01-22'),
 (554,37,'1973-12-27'),
 (555,37,'2015-10-05'),
 (556,37,'1983-05-19'),
 (557,37,'1986-03-25'),
 (558,37,'2013-03-09'),
 (559,37,'1970-04-12'),
 (560,37,'2011-01-30'),
 (561,37,'1971-08-20'),
 (562,38,'1984-12-14'),
 (563,38,'2016-12-12'),
 (564,38,'1986-02-08'),
 (565,38,'1984-10-09'),
 (566,38,'2012-11-25'),
 (567,38,'1992-04-28'),
 (568,38,'2009-10-09'),
 (569,38,'2002-02-15'),
 (570,38,'1980-07-23'),
 (571,38,'1982-06-09'),
 (572,38,'2002-07-25'),
 (573,38,'1972-11-27'),
 (574,38,'1998-09-02'),
 (575,38,'1988-03-05'),
 (576,38,'1989-06-22'),
 (577,38,'1987-11-20'),
 (578,38,'2001-08-27'),
 (579,38,'1984-12-13'),
 (580,38,'2009-10-08'),
 (581,38,'1971-04-19'),
 (582,38,'2009-10-29'),
 (583,38,'1986-04-19'),
 (584,38,'1989-10-29'),
 (585,38,'1988-05-30'),
 (586,38,'2004-09-02'),
 (587,38,'1971-10-07'),
 (588,38,'2010-10-26'),
 (589,39,'2002-04-11'),
 (590,39,'1972-10-18'),
 (591,39,'2008-07-03'),
 (592,39,'1988-05-12'),
 (593,39,'1982-11-14'),
 (594,39,'1972-11-28'),
 (595,39,'2011-05-07'),
 (596,39,'1991-05-23'),
 (597,39,'2007-08-07'),
 (598,39,'1993-04-19'),
 (599,39,'1994-05-12'),
 (600,39,'1976-01-24'),
 (601,39,'1998-10-16'),
 (602,39,'1974-06-29'),
 (603,39,'2008-06-27'),
 (604,39,'2011-11-27'),
 (605,39,'2004-06-03'),
 (606,39,'1971-10-08'),
 (607,39,'2006-01-06'),
 (608,39,'1979-08-24'),
 (609,39,'1999-07-26'),
 (610,39,'1981-12-01'),
 (611,39,'2008-11-06'),
 (612,39,'2011-04-18'),
 (613,40,'1992-09-28'),
 (614,40,'1997-05-18'),
 (615,40,'1996-10-08'),
 (616,40,'2000-04-21'),
 (617,40,'1970-08-31'),
 (618,40,'1982-03-01'),
 (619,40,'2017-06-19'),
 (620,40,'1978-06-07'),
 (621,40,'2015-12-15'),
 (622,40,'2014-06-15'),
 (623,40,'1990-03-12'),
 (624,40,'2011-12-08'),
 (625,40,'2003-11-11'),
 (626,40,'1987-03-27'),
 (627,40,'2009-06-05'),
 (628,40,'2009-10-23'),
 (629,40,'1996-03-14'),
 (630,40,'1979-10-25'),
 (631,40,'1975-09-10'),
 (632,40,'1986-11-27'),
 (633,40,'1986-10-15'),
 (634,40,'2015-11-13'),
 (635,40,'1999-09-28'),
 (636,40,'1986-09-15');
INSERT INTO "authors" ("ID","surname","name") VALUES (1,'Lem','Stanisław'),
 (2,'Kosik','Rafał'),
 (3,'Gombrowicz','Witold'),
 (4,'Mrożek','Sławomir'),
 (5,'Dukaj','Jacek'),
 (6,'Sapkowki','Andrzej');
COMMIT;
